tokenizer_name,token_id,token_value,raw_token,token_length,decoded_length,category,languages
olmocode,786,                                ,ĠĠĠĠĠĠĠĠĠĠĠĠĠĠĠĠĠĠĠĠĠĠĠĠĠĠĠĠĠĠĠĠ,32,32,whitespace,none
olmocode,1408,--------------------------------,--------------------------------,32,32,symbols,none
olmocode,1689,********************************,********************************,32,32,symbols,none
olmocode,1920,                                   ,ĠĠĠĠĠĠĠĠĠĠĠĠĠĠĠĠĠĠĠĠĠĠĠĠĠĠĠĠĠĠĠĠĠĠĠ,35,35,whitespace,none
olmocode,2559,                                       ,ĠĠĠĠĠĠĠĠĠĠĠĠĠĠĠĠĠĠĠĠĠĠĠĠĠĠĠĠĠĠĠĠĠĠĠĠĠĠĠ,39,39,whitespace,none
olmocode,3058,================================,================================,32,32,symbols,none
olmocode,3344,                                           ,ĠĠĠĠĠĠĠĠĠĠĠĠĠĠĠĠĠĠĠĠĠĠĠĠĠĠĠĠĠĠĠĠĠĠĠĠĠĠĠĠĠĠĠ,43,43,whitespace,none
olmocode,3513,----------------------------------------------------------------,----------------------------------------------------------------,64,64,symbols,none
olmocode,3898,////////////////////////////////,////////////////////////////////,32,32,symbols,none
olmocode,4077,****************************************************************,****************************************************************,64,64,symbols,none
olmocode,4569,                                               ,ĠĠĠĠĠĠĠĠĠĠĠĠĠĠĠĠĠĠĠĠĠĠĠĠĠĠĠĠĠĠĠĠĠĠĠĠĠĠĠĠĠĠĠĠĠĠĠ,47,47,whitespace,none
olmocode,5026,##############################,################################,32,30,symbols,none
olmocode,5238,                                                                ,ĠĠĠĠĠĠĠĠĠĠĠĠĠĠĠĠĠĠĠĠĠĠĠĠĠĠĠĠĠĠĠĠĠĠĠĠĠĠĠĠĠĠĠĠĠĠĠĠĠĠĠĠĠĠĠĠĠĠĠĠĠĠĠĠ,64,64,whitespace,none
olmocode,5596,************************************************************************,************************************************************************,72,72,symbols,none
olmocode,6374,                                                   ,ĠĠĠĠĠĠĠĠĠĠĠĠĠĠĠĠĠĠĠĠĠĠĠĠĠĠĠĠĠĠĠĠĠĠĠĠĠĠĠĠĠĠĠĠĠĠĠĠĠĠĠ,51,51,whitespace,none
olmocode,6656,                                 ,ĠĠĠĠĠĠĠĠĠĠĠĠĠĠĠĠĠĠĠĠĠĠĠĠĠĠĠĠĠĠĠĠĠ,33,33,whitespace,none
olmocode,8136,                                                       ,ĠĠĠĠĠĠĠĠĠĠĠĠĠĠĠĠĠĠĠĠĠĠĠĠĠĠĠĠĠĠĠĠĠĠĠĠĠĠĠĠĠĠĠĠĠĠĠĠĠĠĠĠĠĠĠ,55,55,whitespace,none
olmocode,8152,================================================================,================================================================,64,64,symbols,none
olmocode,8333,                                     ,ĠĠĠĠĠĠĠĠĠĠĠĠĠĠĠĠĠĠĠĠĠĠĠĠĠĠĠĠĠĠĠĠĠĠĠĠĠ,37,37,whitespace,none
olmocode,8466, ----------------------------------------------------------------,Ġ----------------------------------------------------------------,65,65,symbols,none
olmocode,9229,------------------------------------------------,------------------------------------------------,48,48,symbols,none
olmocode,9699,                                  ,ĠĠĠĠĠĠĠĠĠĠĠĠĠĠĠĠĠĠĠĠĠĠĠĠĠĠĠĠĠĠĠĠĠĠ,34,34,whitespace,none
olmocode,9822,////////////////////////////////////////////////////////////////,////////////////////////////////////////////////////////////////,64,64,symbols,none
olmocode,9888,//----------------------------------------------------------------,//----------------------------------------------------------------,66,66,symbols,none
olmocode,10503,                                         ,ĠĠĠĠĠĠĠĠĠĠĠĠĠĠĠĠĠĠĠĠĠĠĠĠĠĠĠĠĠĠĠĠĠĠĠĠĠĠĠĠĠ,41,41,whitespace,none
olmocode,10534, ************************************************************************,Ġ************************************************************************,73,73,symbols,none
olmocode,10589,                                    ,ĠĠĠĠĠĠĠĠĠĠĠĠĠĠĠĠĠĠĠĠĠĠĠĠĠĠĠĠĠĠĠĠĠĠĠĠ,36,36,whitespace,none
olmocode,11070,                                      ,ĠĠĠĠĠĠĠĠĠĠĠĠĠĠĠĠĠĠĠĠĠĠĠĠĠĠĠĠĠĠĠĠĠĠĠĠĠĠ,38,38,whitespace,none
olmocode,11370,/************************************************************************,/************************************************************************,73,73,symbols,none
olmocode,11950,                                                           ,ĠĠĠĠĠĠĠĠĠĠĠĠĠĠĠĠĠĠĠĠĠĠĠĠĠĠĠĠĠĠĠĠĠĠĠĠĠĠĠĠĠĠĠĠĠĠĠĠĠĠĠĠĠĠĠĠĠĠĠ,59,59,whitespace,none
olmocode,12841,                                        ,ĠĠĠĠĠĠĠĠĠĠĠĠĠĠĠĠĠĠĠĠĠĠĠĠĠĠĠĠĠĠĠĠĠĠĠĠĠĠĠĠ,40,40,whitespace,none
olmocode,13067,##############################################################,################################################################,64,62,symbols,none
olmocode,13463,                                             ,ĠĠĠĠĠĠĠĠĠĠĠĠĠĠĠĠĠĠĠĠĠĠĠĠĠĠĠĠĠĠĠĠĠĠĠĠĠĠĠĠĠĠĠĠĠ,45,45,whitespace,none
olmocode,14265,                                          ,ĠĠĠĠĠĠĠĠĠĠĠĠĠĠĠĠĠĠĠĠĠĠĠĠĠĠĠĠĠĠĠĠĠĠĠĠĠĠĠĠĠĠ,42,42,whitespace,none
olmocode,14642,                                                                           ,ĠĠĠĠĠĠĠĠĠĠĠĠĠĠĠĠĠĠĠĠĠĠĠĠĠĠĠĠĠĠĠĠĠĠĠĠĠĠĠĠĠĠĠĠĠĠĠĠĠĠĠĠĠĠĠĠĠĠĠĠĠĠĠĠĠĠĠĠĠĠĠĠĠĠĠ,75,75,whitespace,none
olmocode,15270,                                                               ,ĠĠĠĠĠĠĠĠĠĠĠĠĠĠĠĠĠĠĠĠĠĠĠĠĠĠĠĠĠĠĠĠĠĠĠĠĠĠĠĠĠĠĠĠĠĠĠĠĠĠĠĠĠĠĠĠĠĠĠĠĠĠĠ,63,63,whitespace,none
olmocode,15429,                                            ,ĠĠĠĠĠĠĠĠĠĠĠĠĠĠĠĠĠĠĠĠĠĠĠĠĠĠĠĠĠĠĠĠĠĠĠĠĠĠĠĠĠĠĠĠ,44,44,whitespace,none
olmocode,16168, =================================================================,Ġ=================================================================,66,66,symbols,none
olmocode,16562,................................,................................,32,32,symbols,none
olmocode,17264,                                              ,ĠĠĠĠĠĠĠĠĠĠĠĠĠĠĠĠĠĠĠĠĠĠĠĠĠĠĠĠĠĠĠĠĠĠĠĠĠĠĠĠĠĠĠĠĠĠ,46,46,whitespace,none
olmocode,17466,________________________________,________________________________,32,32,other,none
olmocode,17535, **************************************************************************,Ġ**************************************************************************,75,75,symbols,none
olmocode,17648,                                                 ,ĠĠĠĠĠĠĠĠĠĠĠĠĠĠĠĠĠĠĠĠĠĠĠĠĠĠĠĠĠĠĠĠĠĠĠĠĠĠĠĠĠĠĠĠĠĠĠĠĠ,49,49,whitespace,none
olmocode,18012,//----------------------------------------------------------------------------,//----------------------------------------------------------------------------,78,78,symbols,none
olmocode,18036, ------------------------------------------------,Ġ------------------------------------------------,49,49,symbols,none
olmocode,18749,                                                ,ĠĠĠĠĠĠĠĠĠĠĠĠĠĠĠĠĠĠĠĠĠĠĠĠĠĠĠĠĠĠĠĠĠĠĠĠĠĠĠĠĠĠĠĠĠĠĠĠ,48,48,whitespace,none
olmocode,18782,================================================,================================================,48,48,symbols,none
olmocode,19273,                                                                   ,ĠĠĠĠĠĠĠĠĠĠĠĠĠĠĠĠĠĠĠĠĠĠĠĠĠĠĠĠĠĠĠĠĠĠĠĠĠĠĠĠĠĠĠĠĠĠĠĠĠĠĠĠĠĠĠĠĠĠĠĠĠĠĠĠĠĠĠ,67,67,whitespace,none
olmocode,19728, --------------------------------,Ġ--------------------------------,33,33,symbols,none
olmocode,20159,/****************************************************************,/****************************************************************,65,65,symbols,none
olmocode,20974,                                                     ,ĠĠĠĠĠĠĠĠĠĠĠĠĠĠĠĠĠĠĠĠĠĠĠĠĠĠĠĠĠĠĠĠĠĠĠĠĠĠĠĠĠĠĠĠĠĠĠĠĠĠĠĠĠ,53,53,whitespace,none
olmocode,21509,                                                  ,ĠĠĠĠĠĠĠĠĠĠĠĠĠĠĠĠĠĠĠĠĠĠĠĠĠĠĠĠĠĠĠĠĠĠĠĠĠĠĠĠĠĠĠĠĠĠĠĠĠĠ,50,50,whitespace,none
olmocode,22292, ****************************************************************,Ġ****************************************************************,65,65,symbols,none
olmocode,22335,                                                                       ,ĠĠĠĠĠĠĠĠĠĠĠĠĠĠĠĠĠĠĠĠĠĠĠĠĠĠĠĠĠĠĠĠĠĠĠĠĠĠĠĠĠĠĠĠĠĠĠĠĠĠĠĠĠĠĠĠĠĠĠĠĠĠĠĠĠĠĠĠĠĠĠ,71,71,whitespace,none
olmocode,22349,----------------------------------------------------------------------------,----------------------------------------------------------------------------,76,76,symbols,none
olmocode,22565,/****************************************************************************,/****************************************************************************,77,77,symbols,none
olmocode,22958, ********************************,Ġ********************************,33,33,symbols,none
olmocode,23161,//================================================================,//================================================================,66,66,symbols,none
olmocode,23852, ----------------------------------------------------------------------------,Ġ----------------------------------------------------------------------------,77,77,symbols,none
olmocode,24348,                                                    ,ĠĠĠĠĠĠĠĠĠĠĠĠĠĠĠĠĠĠĠĠĠĠĠĠĠĠĠĠĠĠĠĠĠĠĠĠĠĠĠĠĠĠĠĠĠĠĠĠĠĠĠĠ,52,52,whitespace,none
olmocode,25275,/********************************,/********************************,33,33,symbols,none
olmocode,25773,                                                      ,ĠĠĠĠĠĠĠĠĠĠĠĠĠĠĠĠĠĠĠĠĠĠĠĠĠĠĠĠĠĠĠĠĠĠĠĠĠĠĠĠĠĠĠĠĠĠĠĠĠĠĠĠĠĠ,54,54,whitespace,none
olmocode,25885,"--------------------------------------------------------------------------
",--------------------------------------------------------------------------Ċ,75,75,symbols,none
olmocode,26065,                                                         ,ĠĠĠĠĠĠĠĠĠĠĠĠĠĠĠĠĠĠĠĠĠĠĠĠĠĠĠĠĠĠĠĠĠĠĠĠĠĠĠĠĠĠĠĠĠĠĠĠĠĠĠĠĠĠĠĠĠ,57,57,whitespace,none
olmocode,27183,////////////////////////////////////////////////////////////////////////////,////////////////////////////////////////////////////////////////////////////,76,76,symbols,none
olmocode,27405,////////////////////////////////////////////////,////////////////////////////////////////////////,48,48,symbols,none
olmocode,28226,////////////////////////////////////////////////////////////////////////////////,////////////////////////////////////////////////////////////////////////////////,80,80,symbols,none
olmocode,28585, =================================================,Ġ=================================================,50,50,symbols,none
olmocode,28644, ****************************************************************************,Ġ****************************************************************************,77,77,symbols,none
olmocode,28802,                                                        ,ĠĠĠĠĠĠĠĠĠĠĠĠĠĠĠĠĠĠĠĠĠĠĠĠĠĠĠĠĠĠĠĠĠĠĠĠĠĠĠĠĠĠĠĠĠĠĠĠĠĠĠĠĠĠĠĠ,56,56,whitespace,none
olmocode,29854,##############################################,################################################,48,46,symbols,none
olmocode,29865,/*----------------------------------------------------------------,/*----------------------------------------------------------------,66,66,symbols,none
olmocode,30889,//------------------------------------------------,//------------------------------------------------,50,50,symbols,none
olmocode,31979,                                                             ,ĠĠĠĠĠĠĠĠĠĠĠĠĠĠĠĠĠĠĠĠĠĠĠĠĠĠĠĠĠĠĠĠĠĠĠĠĠĠĠĠĠĠĠĠĠĠĠĠĠĠĠĠĠĠĠĠĠĠĠĠĠ,61,61,whitespace,none
olmocode,32041,##########################################################################,############################################################################,76,74,symbols,none
olmocode,32678,                                                          ,ĠĠĠĠĠĠĠĠĠĠĠĠĠĠĠĠĠĠĠĠĠĠĠĠĠĠĠĠĠĠĠĠĠĠĠĠĠĠĠĠĠĠĠĠĠĠĠĠĠĠĠĠĠĠĠĠĠĠ,58,58,whitespace,none
olmocode,33009,%%%%%%%%%%%%%%%%%%%%%%%%%%%%%%%%,%%%%%%%%%%%%%%%%%%%%%%%%%%%%%%%%,32,32,symbols,none
olmocode,33518,****************************************************************************,****************************************************************************,76,76,symbols,none
olmocode,33641,                                Ċ,ĠĠĠĠĠĠĠĠĠĠĠĠĠĠĠĠĠĠĠĠĠĠĠĠĠĠĠĠĠĠĠĠĊ,33,33,other,none
olmocode,35109,////////////////////////////////////////////////////////////////////////,////////////////////////////////////////////////////////////////////////,72,72,symbols,none
olmocode,35619, //----------------------------------------------------------------,Ġ//----------------------------------------------------------------,67,67,symbols,none
olmocode,35774, =================================,Ġ=================================,34,34,symbols,none
olmocode,36713,"/*******************************************************************************
",/*******************************************************************************Ċ,81,81,symbols,none
olmocode,37083,                                                              ,ĠĠĠĠĠĠĠĠĠĠĠĠĠĠĠĠĠĠĠĠĠĠĠĠĠĠĠĠĠĠĠĠĠĠĠĠĠĠĠĠĠĠĠĠĠĠĠĠĠĠĠĠĠĠĠĠĠĠĠĠĠĠ,62,62,whitespace,none
olmocode,37144,                                                                        ,ĠĠĠĠĠĠĠĠĠĠĠĠĠĠĠĠĠĠĠĠĠĠĠĠĠĠĠĠĠĠĠĠĠĠĠĠĠĠĠĠĠĠĠĠĠĠĠĠĠĠĠĠĠĠĠĠĠĠĠĠĠĠĠĠĠĠĠĠĠĠĠĠ,72,72,whitespace,none
olmocode,38171,                                                                 ,ĠĠĠĠĠĠĠĠĠĠĠĠĠĠĠĠĠĠĠĠĠĠĠĠĠĠĠĠĠĠĠĠĠĠĠĠĠĠĠĠĠĠĠĠĠĠĠĠĠĠĠĠĠĠĠĠĠĠĠĠĠĠĠĠĠ,65,65,whitespace,none
olmocode,38368, =========================================================================,Ġ=========================================================================,74,74,symbols,none
olmocode,38484,                                                            ,ĠĠĠĠĠĠĠĠĠĠĠĠĠĠĠĠĠĠĠĠĠĠĠĠĠĠĠĠĠĠĠĠĠĠĠĠĠĠĠĠĠĠĠĠĠĠĠĠĠĠĠĠĠĠĠĠĠĠĠĠ,60,60,whitespace,none
olmocode,39373, --------------------------------------------------------------------------------,Ġ--------------------------------------------------------------------------------,81,81,symbols,none
olmocode,39484,                                                                               ,ĠĠĠĠĠĠĠĠĠĠĠĠĠĠĠĠĠĠĠĠĠĠĠĠĠĠĠĠĠĠĠĠĠĠĠĠĠĠĠĠĠĠĠĠĠĠĠĠĠĠĠĠĠĠĠĠĠĠĠĠĠĠĠĠĠĠĠĠĠĠĠĠĠĠĠĠĠĠĠ,79,79,whitespace,none
olmocode,40072,****************************************,****************************************,40,40,symbols,none
olmocode,40486,##############################################################################,################################################################################,80,78,symbols,none
olmocode,41056,                                                                          ,ĠĠĠĠĠĠĠĠĠĠĠĠĠĠĠĠĠĠĠĠĠĠĠĠĠĠĠĠĠĠĠĠĠĠĠĠĠĠĠĠĠĠĠĠĠĠĠĠĠĠĠĠĠĠĠĠĠĠĠĠĠĠĠĠĠĠĠĠĠĠĠĠĠĠ,74,74,whitespace,none
olmocode,42080,"|--------------------------------------------------------------------------
",|--------------------------------------------------------------------------Ċ,76,76,symbols,none
olmocode,42269,................................................................,................................................................,64,64,symbols,none
olmocode,42708,                                                                     ,ĠĠĠĠĠĠĠĠĠĠĠĠĠĠĠĠĠĠĠĠĠĠĠĠĠĠĠĠĠĠĠĠĠĠĠĠĠĠĠĠĠĠĠĠĠĠĠĠĠĠĠĠĠĠĠĠĠĠĠĠĠĠĠĠĠĠĠĠĠ,69,69,whitespace,none
olmocode,43200,////////////////////////////////////////////////////////////////////,////////////////////////////////////////////////////////////////////,68,68,symbols,none
olmocode,43449,--------------------------------------------------------------------------------,--------------------------------------------------------------------------------,80,80,symbols,none
olmocode,44142,"//-----------------------------------------------------------------------------
",//-----------------------------------------------------------------------------Ċ,80,80,symbols,none
olmocode,44438,/*================================================================,/*================================================================,66,66,symbols,none
olmocode,45807,                                    Ċ,ĠĠĠĠĠĠĠĠĠĠĠĠĠĠĠĠĠĠĠĠĠĠĠĠĠĠĠĠĠĠĠĠĠĠĠĠĊ,37,37,other,none
olmocode,45814,"//------------------------------------------------------------------------------
",//------------------------------------------------------------------------------Ċ,81,81,symbols,none
olmocode,46145,                                                                         ,ĠĠĠĠĠĠĠĠĠĠĠĠĠĠĠĠĠĠĠĠĠĠĠĠĠĠĠĠĠĠĠĠĠĠĠĠĠĠĠĠĠĠĠĠĠĠĠĠĠĠĠĠĠĠĠĠĠĠĠĠĠĠĠĠĠĠĠĠĠĠĠĠĠ,73,73,whitespace,none
olmocode,46576,************************************************,************************************************,48,48,symbols,none
olmocode,46771,                                                                      ,ĠĠĠĠĠĠĠĠĠĠĠĠĠĠĠĠĠĠĠĠĠĠĠĠĠĠĠĠĠĠĠĠĠĠĠĠĠĠĠĠĠĠĠĠĠĠĠĠĠĠĠĠĠĠĠĠĠĠĠĠĠĠĠĠĠĠĠĠĠĠ,70,70,whitespace,none
olmocode,46932,________________________________________________________________,________________________________________________________________,64,64,other,none
olmocode,47549,                                                                  ,ĠĠĠĠĠĠĠĠĠĠĠĠĠĠĠĠĠĠĠĠĠĠĠĠĠĠĠĠĠĠĠĠĠĠĠĠĠĠĠĠĠĠĠĠĠĠĠĠĠĠĠĠĠĠĠĠĠĠĠĠĠĠĠĠĠĠ,66,66,whitespace,none
olmocode,48256,//--------------------------------,//--------------------------------,34,34,symbols,none
olmocode,48497, ################################################################,Ġ################################################################,65,65,symbols,none
olmocode,50561,//--------------------------------------------------------------------------------,//--------------------------------------------------------------------------------,82,82,symbols,none
olmocode,51068,                                                                    ,ĠĠĠĠĠĠĠĠĠĠĠĠĠĠĠĠĠĠĠĠĠĠĠĠĠĠĠĠĠĠĠĠĠĠĠĠĠĠĠĠĠĠĠĠĠĠĠĠĠĠĠĠĠĠĠĠĠĠĠĠĠĠĠĠĠĠĠĠ,68,68,whitespace,none
olmocode,51475,                                                                                   ,ĠĠĠĠĠĠĠĠĠĠĠĠĠĠĠĠĠĠĠĠĠĠĠĠĠĠĠĠĠĠĠĠĠĠĠĠĠĠĠĠĠĠĠĠĠĠĠĠĠĠĠĠĠĠĠĠĠĠĠĠĠĠĠĠĠĠĠĠĠĠĠĠĠĠĠĠĠĠĠĠĠĠĠ,83,83,whitespace,none
olmocode,51814, -----------------------------------------------------------------------------Ċ,Ġ-----------------------------------------------------------------------------Ċ,79,79,symbols,none
olmocode,53147,********************************************************,********************************************************,56,56,symbols,none
olmocode,53196,"/******************************************************************************
",/******************************************************************************Ċ,80,80,symbols,none
olmocode,53264,----------------------------------------------------------------------,----------------------------------------------------------------------,70,70,symbols,none
olmocode,54301, ################################,Ġ################################,33,33,symbols,none
olmocode,55263,//****************************************************************,//****************************************************************,66,66,symbols,none
olmocode,55799,                                                                            ,ĠĠĠĠĠĠĠĠĠĠĠĠĠĠĠĠĠĠĠĠĠĠĠĠĠĠĠĠĠĠĠĠĠĠĠĠĠĠĠĠĠĠĠĠĠĠĠĠĠĠĠĠĠĠĠĠĠĠĠĠĠĠĠĠĠĠĠĠĠĠĠĠĠĠĠĠ,76,76,whitespace,none
olmocode,56342,//------------------------------------------------------------------------------------------------,//------------------------------------------------------------------------------------------------,98,98,symbols,none
olmocode,56596,                                        Ċ,ĠĠĠĠĠĠĠĠĠĠĠĠĠĠĠĠĠĠĠĠĠĠĠĠĠĠĠĠĠĠĠĠĠĠĠĠĠĠĠĠĊ,41,41,other,none
olmocode,56940,                                                                                                                                ,ĠĠĠĠĠĠĠĠĠĠĠĠĠĠĠĠĠĠĠĠĠĠĠĠĠĠĠĠĠĠĠĠĠĠĠĠĠĠĠĠĠĠĠĠĠĠĠĠĠĠĠĠĠĠĠĠĠĠĠĠĠĠĠĠĠĠĠĠĠĠĠĠĠĠĠĠĠĠĠĠĠĠĠĠĠĠĠĠĠĠĠĠĠĠĠĠĠĠĠĠĠĠĠĠĠĠĠĠĠĠĠĠĠĠĠĠĠĠĠĠĠĠĠĠĠĠĠĠ,128,128,whitespace,none
olmocode,57307,"//---------------------------------------------------------------------------
",//---------------------------------------------------------------------------Ċ,78,78,symbols,none
olmocode,57906,/*----------------------------------------------------------------------------,/*----------------------------------------------------------------------------,78,78,symbols,none
olmocode,58007,"/****************************************************************************
",/****************************************************************************Ċ,78,78,symbols,none
olmocode,58591,                                                                             ,ĠĠĠĠĠĠĠĠĠĠĠĠĠĠĠĠĠĠĠĠĠĠĠĠĠĠĠĠĠĠĠĠĠĠĠĠĠĠĠĠĠĠĠĠĠĠĠĠĠĠĠĠĠĠĠĠĠĠĠĠĠĠĠĠĠĠĠĠĠĠĠĠĠĠĠĠĠ,77,77,whitespace,none
olmocode,58869,"////////////////////////////////////////////////////////////////////////////////
",////////////////////////////////////////////////////////////////////////////////Ċ,81,81,symbols,none
olmocode,59649,                Ċ                Ċ,ĠĠĠĠĠĠĠĠĠĠĠĠĠĠĠĠĊĠĠĠĠĠĠĠĠĠĠĠĠĠĠĠĠĊ,34,34,other,none
olmocode,59809, ------------------------------------------------------------------------------------------------,Ġ------------------------------------------------------------------------------------------------,97,97,symbols,none
olmocode,60107,latesAutoresizingMaskIntoConstraints,latesAutoresizingMaskIntoConstraints,36,36,english,none
olmocode,60211,————————————————,âĢĶâĢĶâĢĶâĢĶâĢĶâĢĶâĢĶâĢĶâĢĶâĢĶâĢĶâĢĶâĢĶâĢĶâĢĶâĢĶ,48,16,other,none
olmocode,60609, //////////////////////////////////,Ġ//////////////////////////////////,35,35,symbols,none
olmocode,60629,////////////////////////////////////////////////////////////////////////////////////////////////,////////////////////////////////////////////////////////////////////////////////////////////////,96,96,symbols,none
olmocode,60908,////////////////////////////////////////////////////////,////////////////////////////////////////////////////////,56,56,symbols,none
olmocode,60915,#----------------------------------------------------------------------------,#----------------------------------------------------------------------------,77,77,symbols,none
olmocode,61250, |--------------------------------------------------------------------------Ċ,Ġ|--------------------------------------------------------------------------Ċ,77,77,symbols,none
olmocode,61360, ****************************************,Ġ****************************************,41,41,symbols,none
olmocode,61693,********************************************************************************,********************************************************************************,80,80,symbols,none
olmocode,62117,"----------------------------------------------------------------------
",----------------------------------------------------------------------Ċ,71,71,symbols,none
olmocode,62470,.translatesAutoresizingMaskIntoConstraints,.translatesAutoresizingMaskIntoConstraints,42,42,code,none
olmocode,63394,================================================================================,================================================================================,80,80,symbols,none
olmocode,63538, ----------------------------------------------------------------------------Ċ,Ġ----------------------------------------------------------------------------Ċ,78,78,symbols,none
olmocode,64226,//****************************************************************************,//****************************************************************************,78,78,symbols,none
olmocode,64575,////////////////////////////////////////////////////////////,////////////////////////////////////////////////////////////,60,60,symbols,none
olmocode,65080,//************************************************************************,//************************************************************************,74,74,symbols,none
olmocode,65195, ********************************************************,Ġ********************************************************,57,57,symbols,none
olmocode,65271,                                                                                       ,ĠĠĠĠĠĠĠĠĠĠĠĠĠĠĠĠĠĠĠĠĠĠĠĠĠĠĠĠĠĠĠĠĠĠĠĠĠĠĠĠĠĠĠĠĠĠĠĠĠĠĠĠĠĠĠĠĠĠĠĠĠĠĠĠĠĠĠĠĠĠĠĠĠĠĠĠĠĠĠĠĠĠĠĠĠĠĠ,87,87,whitespace,none
olmocode,65648,~~~~~~~~~~~~~~~~~~~~~~~~~~~~~~~~,~~~~~~~~~~~~~~~~~~~~~~~~~~~~~~~~,32,32,symbols,none
olmocode,65900, =================================================================================,Ġ=================================================================================,82,82,symbols,none
olmocode,66004, //------------------------------------------------,Ġ//------------------------------------------------,51,51,symbols,none
olmocode,66159,/********************************************************,/********************************************************,57,57,symbols,none
olmocode,66207, ----------------------------------------------------------------------------------------------------------------,Ġ----------------------------------------------------------------------------------------------------------------,113,113,symbols,none
olmocode,67161, ################################################,Ġ################################################,49,49,symbols,none
olmocode,67549, /*----------------------------------------------------------------,Ġ/*----------------------------------------------------------------,67,67,symbols,none
olmocode,68132,"/*****************************************************************************
",/*****************************************************************************Ċ,79,79,symbols,none
olmocode,69061,######################################################################,########################################################################,72,70,symbols,none
olmocode,70662, ==============================================================,Ġ==============================================================,63,63,symbols,none
olmocode,70988,"/***************************************************************************
",/***************************************************************************Ċ,77,77,symbols,none
olmocode,71508, //////////////////////////////////////////////////////////////////////////,Ġ//////////////////////////////////////////////////////////////////////////,75,75,symbols,none
olmocode,71836, ************************************************,Ġ************************************************,49,49,symbols,none
olmocode,72004,#================================================================,#================================================================,65,65,symbols,none
olmocode,72203,.DataGridViewColumnHeadersHeightSizeMode,.DataGridViewColumnHeadersHeightSizeMode,40,40,code,none
olmocode,72805, dequeueReusableCellWithIdentifier,ĠdequeueReusableCellWithIdentifier,34,34,english,none
olmocode,72961,/****************************************,/****************************************,41,41,symbols,none
olmocode,73062,/*------------------------------------------------,/*------------------------------------------------,50,50,symbols,none
olmocode,73538, //--------------------------------,Ġ//--------------------------------,35,35,symbols,none
olmocode,75510,#----------------------------------------------------------------,#----------------------------------------------------------------,65,65,symbols,none
olmocode,75632,/********************************************************************************,/********************************************************************************,81,81,symbols,none
olmocode,76507,//================================================,//================================================,50,50,symbols,none
olmocode,76550, ********************************************************************************,Ġ********************************************************************************,81,81,symbols,none
olmocode,76737,"///////////////////////////////////////////////////////////////////////////////
",///////////////////////////////////////////////////////////////////////////////Ċ,80,80,symbols,none
olmocode,77149, *----------------------------------------------------------------,Ġ*----------------------------------------------------------------,66,66,symbols,none
olmocode,77993,                                            Ċ,ĠĠĠĠĠĠĠĠĠĠĠĠĠĠĠĠĠĠĠĠĠĠĠĠĠĠĠĠĠĠĠĠĠĠĠĠĠĠĠĠĠĠĠĠĊ,45,45,other,none
olmocode,78346,"(""--------------------------------","(""--------------------------------",34,34,symbols,none
olmocode,78371,/************************************************,/************************************************,49,49,symbols,none
olmocode,78757, ---------------------------------------------------------------------------Ċ,Ġ---------------------------------------------------------------------------Ċ,77,77,symbols,none
olmocode,78938,"//----------------------------------------------------------------------------
",//----------------------------------------------------------------------------Ċ,79,79,symbols,none
olmocode,79083,"































",ĊĊĊĊĊĊĊĊĊĊĊĊĊĊĊĊĊĊĊĊĊĊĊĊĊĊĊĊĊĊĊĊ,32,32,whitespace,none
olmocode,79371, ******************************************************************************/Ċ,Ġ******************************************************************************/Ċ,81,81,symbols,none
olmocode,79403,"*******************************************************************************/
",*******************************************************************************/Ċ,81,81,symbols,none
olmocode,79448,"#############################################################################
",###############################################################################Ċ,80,78,symbols,none
olmocode,79518,%%%%%%%%%%%%%%%%%%%%%%%%%%%%%%%%%%%%%%%%%%%%%%%%%%%%%%%%%%%%%%%%,%%%%%%%%%%%%%%%%%%%%%%%%%%%%%%%%%%%%%%%%%%%%%%%%%%%%%%%%%%%%%%%%,64,64,symbols,none
olmocode,79871,                                                                                           ,ĠĠĠĠĠĠĠĠĠĠĠĠĠĠĠĠĠĠĠĠĠĠĠĠĠĠĠĠĠĠĠĠĠĠĠĠĠĠĠĠĠĠĠĠĠĠĠĠĠĠĠĠĠĠĠĠĠĠĠĠĠĠĠĠĠĠĠĠĠĠĠĠĠĠĠĠĠĠĠĠĠĠĠĠĠĠĠĠĠĠĠ,91,91,whitespace,none
olmocode,80550, -------------------------------------------------------------------------Ċ,Ġ-------------------------------------------------------------------------Ċ,75,75,symbols,none
olmocode,81008, __________________________________,Ġ__________________________________,35,35,other,none
olmocode,81042,"//--------------------------------------------------------------
",//--------------------------------------------------------------Ċ,65,65,symbols,none
olmocode,81221,                                                                              ,ĠĠĠĠĠĠĠĠĠĠĠĠĠĠĠĠĠĠĠĠĠĠĠĠĠĠĠĠĠĠĠĠĠĠĠĠĠĠĠĠĠĠĠĠĠĠĠĠĠĠĠĠĠĠĠĠĠĠĠĠĠĠĠĠĠĠĠĠĠĠĠĠĠĠĠĠĠĠ,78,78,whitespace,none
olmocode,81372, ................................,Ġ................................,33,33,symbols,none
olmocode,82049, =============================================================================Ċ,Ġ=============================================================================Ċ,79,79,symbols,none
olmocode,82578,######################################,########################################,40,38,symbols,none
olmocode,82845,////////////////////////////////////////////////////,////////////////////////////////////////////////////,52,52,symbols,none
olmocode,83894,"/////////////////////////////////////////////////////////////////////////////
",/////////////////////////////////////////////////////////////////////////////Ċ,78,78,symbols,none
olmocode,84999,"/******************************************************************************/
",/******************************************************************************/Ċ,81,81,symbols,none
olmocode,85785, ******************************************************************************Ċ,Ġ******************************************************************************Ċ,80,80,symbols,none
olmocode,85993, //================================================================,Ġ//================================================================,67,67,symbols,none
olmocode,86072, ................................................................,Ġ................................................................,65,65,symbols,none
olmocode,86200, ############################################################################,Ġ############################################################################,77,77,symbols,none
olmocode,86544,/************************************************************************************************,/************************************************************************************************,97,97,symbols,none
olmocode,86632, ------------------------------------------------------------,Ġ------------------------------------------------------------,61,61,symbols,none
olmocode,86766,                                                                                               ,ĠĠĠĠĠĠĠĠĠĠĠĠĠĠĠĠĠĠĠĠĠĠĠĠĠĠĠĠĠĠĠĠĠĠĠĠĠĠĠĠĠĠĠĠĠĠĠĠĠĠĠĠĠĠĠĠĠĠĠĠĠĠĠĠĠĠĠĠĠĠĠĠĠĠĠĠĠĠĠĠĠĠĠĠĠĠĠĠĠĠĠĠĠĠĠ,95,95,whitespace,none
olmocode,87567,"//------------------------------------------------------------------------------

",//------------------------------------------------------------------------------ĊĊ,82,82,symbols,none
olmocode,88155,++++++++++++++++++++++++++++++++,++++++++++++++++++++++++++++++++,32,32,symbols,none
olmocode,88804,                    Ċ                    Ċ,ĠĠĠĠĠĠĠĠĠĠĠĠĠĠĠĠĠĠĠĠĊĠĠĠĠĠĠĠĠĠĠĠĠĠĠĠĠĠĠĠĠĊ,42,42,other,none
olmocode,89180,//----------------------------------------------------------------------------------------------------------------,//----------------------------------------------------------------------------------------------------------------,114,114,symbols,none
olmocode,89318, ============================================================================Ċ,Ġ============================================================================Ċ,78,78,symbols,none
olmocode,89694, ----------------------------------------------------------------------Ċ,Ġ----------------------------------------------------------------------Ċ,72,72,symbols,none
olmocode,90038,######################################################,########################################################,56,54,symbols,none
olmocode,90306,                               Ċ,ĠĠĠĠĠĠĠĠĠĠĠĠĠĠĠĠĠĠĠĠĠĠĠĠĠĠĠĠĠĠĠĊ,32,32,other,none
olmocode,90730,"##############################################################################
",################################################################################Ċ,81,79,symbols,none
olmocode,90915, -------------------------------------------------------------------------,Ġ-------------------------------------------------------------------------,74,74,symbols,none
olmocode,93682, ******************************************************************************/ĊĊ,Ġ******************************************************************************/ĊĊ,82,82,symbols,none
olmocode,93858, ########################################################################,Ġ########################################################################,73,73,symbols,none
olmocode,94303,//================================================================================,//================================================================================,82,82,symbols,none
olmocode,94464,"//---------------------------------------------------------------------------

",//---------------------------------------------------------------------------ĊĊ,79,79,symbols,none
olmocode,94947,                                                Ċ,ĠĠĠĠĠĠĠĠĠĠĠĠĠĠĠĠĠĠĠĠĠĠĠĠĠĠĠĠĠĠĠĠĠĠĠĠĠĠĠĠĠĠĠĠĠĠĠĠĊ,49,49,other,none
olmocode,95180, //////////////////////////////////////////////////////////////////////,Ġ//////////////////////////////////////////////////////////////////////,71,71,symbols,none
olmocode,95429,                                                                                 ,ĠĠĠĠĠĠĠĠĠĠĠĠĠĠĠĠĠĠĠĠĠĠĠĠĠĠĠĠĠĠĠĠĠĠĠĠĠĠĠĠĠĠĠĠĠĠĠĠĠĠĠĠĠĠĠĠĠĠĠĠĠĠĠĠĠĠĠĠĠĠĠĠĠĠĠĠĠĠĠĠĠ,81,81,whitespace,none
olmocode,96581, ------------------------------------------------------------------------Ċ,Ġ------------------------------------------------------------------------Ċ,74,74,symbols,none
olmocode,97005, /************************************************************************,Ġ/************************************************************************,74,74,symbols,none
olmocode,97417,                                                                                ,ĠĠĠĠĠĠĠĠĠĠĠĠĠĠĠĠĠĠĠĠĠĠĠĠĠĠĠĠĠĠĠĠĠĠĠĠĠĠĠĠĠĠĠĠĠĠĠĠĠĠĠĠĠĠĠĠĠĠĠĠĠĠĠĠĠĠĠĠĠĠĠĠĠĠĠĠĠĠĠĠ,80,80,whitespace,none
olmocode,97844,##########################################################,############################################################,60,58,symbols,none
olmocode,97942, --------------------------------------------------------------------------Ċ,Ġ--------------------------------------------------------------------------Ċ,76,76,symbols,none
olmocode,98320,"////////////////////////////////////////////////////////////////////////////////

",////////////////////////////////////////////////////////////////////////////////ĊĊ,82,82,symbols,none
olmocode,98474,------------------------------------------------------------------------------------------------,------------------------------------------------------------------------------------------------,96,96,symbols,none
olmocode,98989, /****************************************************************,Ġ/****************************************************************,66,66,symbols,none
olmocode,128203,ประสิทธิภาพ,à¸Ľà¸£à¸°à¸ªà¸´à¸Ĺà¸ĺà¸´à¸łà¸²à¸ŀ,33,11,multilingual,Thai
olmocode,132742,เจ้าหน้าที่,à¹Ģà¸Īà¹īà¸²à¸«à¸Ļà¹īà¸²à¸Ĺà¸µà¹Ī,33,11,multilingual,Thai
olmocode,133149,มหาวิทยาลัย,à¸¡à¸«à¸²à¸§à¸´à¸Ĺà¸¢à¸²à¸¥à¸±à¸¢,33,11,multilingual,Thai
olmocode,135288,เปลี่ยนแปลง,à¹Ģà¸Ľà¸¥à¸µà¹Īà¸¢à¸Ļà¹ģà¸Ľà¸¥à¸ĩ,33,11,multilingual,Thai
olmocode,135314,ที่เกี่ยวข้อง,à¸Ĺà¸µà¹Īà¹Ģà¸ģà¸µà¹Īà¸¢à¸§à¸Ĥà¹īà¸Ńà¸ĩ,39,13,multilingual,Thai
olmocode,136150,ความคิดเห็น,à¸Ħà¸§à¸²à¸¡à¸Ħà¸´à¸Ķà¹Ģà¸«à¹ĩà¸Ļ,33,11,multilingual,Thai
olmocode,137405,สมัครสมาชิก,à¸ªà¸¡à¸±à¸Ħà¸£à¸ªà¸¡à¸²à¸Ĭà¸´à¸ģ,33,11,multilingual,Thai
olmocode,137472,ที่ดีที่สุด,à¸Ĺà¸µà¹Īà¸Ķà¸µà¸Ĺà¸µà¹Īà¸ªà¸¸à¸Ķ,33,11,multilingual,Thai
olmocode,137755,คอมพิวเตอร์,à¸Ħà¸Ńà¸¡à¸ŀà¸´à¸§à¹Ģà¸ķà¸Ńà¸£à¹Į,33,11,multilingual,Thai
olmocode,138170,เมื่อวันที่,à¹Ģà¸¡à¸·à¹Īà¸Ńà¸§à¸±à¸Ļà¸Ĺà¸µà¹Ī,33,11,multilingual,Thai
olmocode,138193,ความปลอดภัย,à¸Ħà¸§à¸²à¸¡à¸Ľà¸¥à¸Ńà¸Ķà¸łà¸±à¸¢,33,11,multilingual,Thai
olmocode,139995,ありがとうございました,ãģĤãĤĬãģĮãģ¨ãģĨãģĶãģĸãģĦãģ¾ãģĹãģŁ,33,11,east_asian,Japanese Hiragana
olmocode,140378,นักท่องเที่ยว,à¸Ļà¸±à¸ģà¸Ĺà¹Īà¸Ńà¸ĩà¹Ģà¸Ĺà¸µà¹Īà¸¢à¸§,39,13,multilingual,Thai
olmocode,140783,วิทยาศาสตร์,à¸§à¸´à¸Ĺà¸¢à¸²à¸¨à¸²à¸ªà¸ķà¸£à¹Į,33,11,multilingual,Thai
olmocode,141989,พรีเมียร์ลีก,à¸ŀà¸£à¸µà¹Ģà¸¡à¸µà¸¢à¸£à¹Įà¸¥à¸µà¸ģ,36,12,multilingual,Thai
olmocode,142062, à¸Ńà¸¢à¹Īà¸²à¸ĩà¹Ħà¸£à¸ģà¹ĩà¸ķà¸²à¸¡,Ġà¸Ńà¸¢à¹Īà¸²à¸ĩà¹Ħà¸£à¸ģà¹ĩà¸ķà¸²à¸¡,37,37,numeric,none
olmocode,142437,ประวัติศาสตร์,à¸Ľà¸£à¸°à¸§à¸±à¸ķà¸´à¸¨à¸²à¸ªà¸ķà¸£à¹Į,39,13,multilingual,Thai
olmocode,142465,ประชาสัมพันธ์,à¸Ľà¸£à¸°à¸Ĭà¸²à¸ªà¸±à¸¡à¸ŀà¸±à¸Ļà¸ĺà¹Į,39,13,multilingual,Thai
olmocode,142814,อย่างรวดเร็ว,à¸Ńà¸¢à¹Īà¸²à¸ĩà¸£à¸§à¸Ķà¹Ģà¸£à¹ĩà¸§,36,12,multilingual,Thai
olmocode,142828,ออกกำลังกาย,à¸Ńà¸Ńà¸ģà¸ģà¸³à¸¥à¸±à¸ĩà¸ģà¸²à¸¢,33,11,multilingual,Thai
olmocode,142957,อย่างต่อเนื่อง,à¸Ńà¸¢à¹Īà¸²à¸ĩà¸ķà¹Īà¸Ńà¹Ģà¸Ļà¸·à¹Īà¸Ńà¸ĩ,42,14,multilingual,Thai
olmocode,142999,มีประสิทธิภาพ,à¸¡à¸µà¸Ľà¸£à¸°à¸ªà¸´à¸Ĺà¸ĺà¸´à¸łà¸²à¸ŀ,39,13,multilingual,Thai
olmocode,143121,ก่อนหน้านี้,à¸ģà¹Īà¸Ńà¸Ļà¸«à¸Ļà¹īà¸²à¸Ļà¸µà¹ī,33,11,multilingual,Thai
olmocode,143168,เครื่องดื่ม,à¹Ģà¸Ħà¸£à¸·à¹Īà¸Ńà¸ĩà¸Ķà¸·à¹Īà¸¡,33,11,multilingual,Thai
olmocode,143257,คาสิโนออนไลน์,à¸Ħà¸²à¸ªà¸´à¹Ĥà¸Ļà¸Ńà¸Ńà¸Ļà¹Ħà¸¥à¸Ļà¹Į,39,13,multilingual,Thai
olmocode,143370,สิ่งแวดล้อม,à¸ªà¸´à¹Īà¸ĩà¹ģà¸§à¸Ķà¸¥à¹īà¸Ńà¸¡,33,11,multilingual,Thai
olmocode,143915,ทำความสะอาด,à¸Ĺà¸³à¸Ħà¸§à¸²à¸¡à¸ªà¸°à¸Ńà¸²à¸Ķ,33,11,multilingual,Thai
olmocode,143942,อำนวยความสะดวก,à¸Ńà¸³à¸Ļà¸§à¸¢à¸Ħà¸§à¸²à¸¡à¸ªà¸°à¸Ķà¸§à¸ģ,42,14,multilingual,Thai
mistral,3279,                                ,ĠĠĠĠĠĠĠĠĠĠĠĠĠĠĠĠĠĠĠĠĠĠĠĠĠĠĠĠĠĠĠĠ,32,32,whitespace,none
mistral,6668,                                   ,ĠĠĠĠĠĠĠĠĠĠĠĠĠĠĠĠĠĠĠĠĠĠĠĠĠĠĠĠĠĠĠĠĠĠĠ,35,35,whitespace,none
mistral,8951,                                       ,ĠĠĠĠĠĠĠĠĠĠĠĠĠĠĠĠĠĠĠĠĠĠĠĠĠĠĠĠĠĠĠĠĠĠĠĠĠĠĠ,39,39,whitespace,none
mistral,11977,                                           ,ĠĠĠĠĠĠĠĠĠĠĠĠĠĠĠĠĠĠĠĠĠĠĠĠĠĠĠĠĠĠĠĠĠĠĠĠĠĠĠĠĠĠĠ,43,43,whitespace,none
mistral,15563,--------------------------------,--------------------------------,32,32,symbols,none
mistral,16529,                                               ,ĠĠĠĠĠĠĠĠĠĠĠĠĠĠĠĠĠĠĠĠĠĠĠĠĠĠĠĠĠĠĠĠĠĠĠĠĠĠĠĠĠĠĠĠĠĠĠ,47,47,whitespace,none
mistral,19785,                                 ,ĠĠĠĠĠĠĠĠĠĠĠĠĠĠĠĠĠĠĠĠĠĠĠĠĠĠĠĠĠĠĠĠĠ,33,33,whitespace,none
mistral,21188,********************************,********************************,32,32,symbols,none
mistral,23121,                                                   ,ĠĠĠĠĠĠĠĠĠĠĠĠĠĠĠĠĠĠĠĠĠĠĠĠĠĠĠĠĠĠĠĠĠĠĠĠĠĠĠĠĠĠĠĠĠĠĠĠĠĠĠ,51,51,whitespace,none
mistral,26442,                                     ,ĠĠĠĠĠĠĠĠĠĠĠĠĠĠĠĠĠĠĠĠĠĠĠĠĠĠĠĠĠĠĠĠĠĠĠĠĠ,37,37,whitespace,none
mistral,31091,                                                       ,ĠĠĠĠĠĠĠĠĠĠĠĠĠĠĠĠĠĠĠĠĠĠĠĠĠĠĠĠĠĠĠĠĠĠĠĠĠĠĠĠĠĠĠĠĠĠĠĠĠĠĠĠĠĠĠ,55,55,whitespace,none
mistral,32457,                                                                ,ĠĠĠĠĠĠĠĠĠĠĠĠĠĠĠĠĠĠĠĠĠĠĠĠĠĠĠĠĠĠĠĠĠĠĠĠĠĠĠĠĠĠĠĠĠĠĠĠĠĠĠĠĠĠĠĠĠĠĠĠĠĠĠĠ,64,64,whitespace,none
mistral,35332,                                         ,ĠĠĠĠĠĠĠĠĠĠĠĠĠĠĠĠĠĠĠĠĠĠĠĠĠĠĠĠĠĠĠĠĠĠĠĠĠĠĠĠĠ,41,41,whitespace,none
mistral,38224,                                  ,ĠĠĠĠĠĠĠĠĠĠĠĠĠĠĠĠĠĠĠĠĠĠĠĠĠĠĠĠĠĠĠĠĠĠ,34,34,whitespace,none
mistral,41582,                                    ,ĠĠĠĠĠĠĠĠĠĠĠĠĠĠĠĠĠĠĠĠĠĠĠĠĠĠĠĠĠĠĠĠĠĠĠĠ,36,36,whitespace,none
mistral,43035,----------------------------------------------------------------,----------------------------------------------------------------,64,64,symbols,none
mistral,45490,                                      ,ĠĠĠĠĠĠĠĠĠĠĠĠĠĠĠĠĠĠĠĠĠĠĠĠĠĠĠĠĠĠĠĠĠĠĠĠĠĠ,38,38,whitespace,none
mistral,46454,                                                           ,ĠĠĠĠĠĠĠĠĠĠĠĠĠĠĠĠĠĠĠĠĠĠĠĠĠĠĠĠĠĠĠĠĠĠĠĠĠĠĠĠĠĠĠĠĠĠĠĠĠĠĠĠĠĠĠĠĠĠĠ,59,59,whitespace,none
mistral,48348,****************************************************************,****************************************************************,64,64,symbols,none
mistral,48791,                                             ,ĠĠĠĠĠĠĠĠĠĠĠĠĠĠĠĠĠĠĠĠĠĠĠĠĠĠĠĠĠĠĠĠĠĠĠĠĠĠĠĠĠĠĠĠĠ,45,45,whitespace,none
mistral,52603,************************************************************************,************************************************************************,72,72,symbols,none
mistral,53023,                                        ,ĠĠĠĠĠĠĠĠĠĠĠĠĠĠĠĠĠĠĠĠĠĠĠĠĠĠĠĠĠĠĠĠĠĠĠĠĠĠĠĠ,40,40,whitespace,none
mistral,53734,##############################,################################,32,30,symbols,none
mistral,55839,================================,================================,32,32,symbols,none
mistral,58298,                                          ,ĠĠĠĠĠĠĠĠĠĠĠĠĠĠĠĠĠĠĠĠĠĠĠĠĠĠĠĠĠĠĠĠĠĠĠĠĠĠĠĠĠĠ,42,42,whitespace,none
mistral,62851,                                            ,ĠĠĠĠĠĠĠĠĠĠĠĠĠĠĠĠĠĠĠĠĠĠĠĠĠĠĠĠĠĠĠĠĠĠĠĠĠĠĠĠĠĠĠĠ,44,44,whitespace,none
mistral,63666,                                                               ,ĠĠĠĠĠĠĠĠĠĠĠĠĠĠĠĠĠĠĠĠĠĠĠĠĠĠĠĠĠĠĠĠĠĠĠĠĠĠĠĠĠĠĠĠĠĠĠĠĠĠĠĠĠĠĠĠĠĠĠĠĠĠĠ,63,63,whitespace,none
mistral,64128,                                                 ,ĠĠĠĠĠĠĠĠĠĠĠĠĠĠĠĠĠĠĠĠĠĠĠĠĠĠĠĠĠĠĠĠĠĠĠĠĠĠĠĠĠĠĠĠĠĠĠĠĠ,49,49,whitespace,none
mistral,71372, à°ªà±įà°°à°µà°¹à°¿à°¸à±įà°¤à±ģà°Ĥà°¦à°¿,Ġà°ªà±įà°°à°µà°¹à°¿à°¸à±įà°¤à±ģà°Ĥà°¦à°¿,40,40,numeric,none
mistral,72481,                                              ,ĠĠĠĠĠĠĠĠĠĠĠĠĠĠĠĠĠĠĠĠĠĠĠĠĠĠĠĠĠĠĠĠĠĠĠĠĠĠĠĠĠĠĠĠĠĠ,46,46,whitespace,none
mistral,73199, ---------------------------------,Ġ---------------------------------,34,34,symbols,none
mistral,79343,                                                                           ,ĠĠĠĠĠĠĠĠĠĠĠĠĠĠĠĠĠĠĠĠĠĠĠĠĠĠĠĠĠĠĠĠĠĠĠĠĠĠĠĠĠĠĠĠĠĠĠĠĠĠĠĠĠĠĠĠĠĠĠĠĠĠĠĠĠĠĠĠĠĠĠĠĠĠĠ,75,75,whitespace,none
mistral,79569, à°µà±įà°¯à°µà°¸à°¾à°¯à°¾à°¨à°¿à°ķà°¿,Ġà°µà±įà°¯à°µà°¸à°¾à°¯à°¾à°¨à°¿à°ķà°¿,37,37,other,none
mistral,80865, à°®à°¾à°°à±įà°ķà±Ĩà°Łà°¿à°Ĥà°Ĺà±į,Ġà°®à°¾à°°à±įà°ķà±Ĩà°Łà°¿à°Ĥà°Ĺà±į,34,34,other,none
mistral,81086,                                                     ,ĠĠĠĠĠĠĠĠĠĠĠĠĠĠĠĠĠĠĠĠĠĠĠĠĠĠĠĠĠĠĠĠĠĠĠĠĠĠĠĠĠĠĠĠĠĠĠĠĠĠĠĠĠ,53,53,whitespace,none
mistral,81819, à°®à°¾à°°à±įà°ķà±Ĩà°Łà°¿à°Ĥà°Ĺà±ģ,Ġà°®à°¾à°°à±įà°ķà±Ĩà°Łà°¿à°Ĥà°Ĺà±ģ,34,34,other,none
mistral,82101, à°µà°¾à°°à±įà°¤à°¾à°ªà°¤à±įà°°à°¿à°ķ,Ġà°µà°¾à°°à±įà°¤à°¾à°ªà°¤à±įà°°à°¿à°ķ,37,37,other,none
mistral,83577,                                                ,ĠĠĠĠĠĠĠĠĠĠĠĠĠĠĠĠĠĠĠĠĠĠĠĠĠĠĠĠĠĠĠĠĠĠĠĠĠĠĠĠĠĠĠĠĠĠĠĠ,48,48,whitespace,none
mistral,84062, à°®à°°à±ģà°Ĺà±ģà°¦à±Ĭà°¡à±įà°¡à°¿,Ġà°®à°°à±ģà°Ĺà±ģà°¦à±Ĭà°¡à±įà°¡à°¿,34,34,other,none
mistral,84150, à°ļà±ĩà°¸à±įà°¤à±ģà°¨à±įà°¨à°¾à°°à±ģ,Ġà°ļà±ĩà°¸à±įà°¤à±ģà°¨à±įà°¨à°¾à°°à±ģ,37,37,other,none
mistral,84794, à°ªà°¾à°°à°¬à±ĭà°¸à±įà°¤à°¾à°°à±ģ,Ġà°ªà°¾à°°à°¬à±ĭà°¸à±įà°¤à°¾à°°à±ģ,34,34,other,none
mistral,85015, à°®à±ģà°°à±ģà°Ĺà±ģà°¨à±Ģà°Łà°¿à°¨à°¿,Ġà°®à±ģà°°à±ģà°Ĺà±ģà°¨à±Ģà°Łà°¿à°¨à°¿,37,37,other,none
mistral,85449,------------------------------------------------------------------------,------------------------------------------------------------------------,72,72,symbols,none
mistral,88644,                                                                   ,ĠĠĠĠĠĠĠĠĠĠĠĠĠĠĠĠĠĠĠĠĠĠĠĠĠĠĠĠĠĠĠĠĠĠĠĠĠĠĠĠĠĠĠĠĠĠĠĠĠĠĠĠĠĠĠĠĠĠĠĠĠĠĠĠĠĠĠ,67,67,whitespace,none
mistral,92155,                                                  ,ĠĠĠĠĠĠĠĠĠĠĠĠĠĠĠĠĠĠĠĠĠĠĠĠĠĠĠĠĠĠĠĠĠĠĠĠĠĠĠĠĠĠĠĠĠĠĠĠĠĠ,50,50,whitespace,none
mistral,93606, *************************************************************************,Ġ*************************************************************************,74,74,symbols,none
mistral,99679,----------------------------------------------------------------------------,----------------------------------------------------------------------------,76,76,symbols,none
mistral,104899,                                                    ,ĠĠĠĠĠĠĠĠĠĠĠĠĠĠĠĠĠĠĠĠĠĠĠĠĠĠĠĠĠĠĠĠĠĠĠĠĠĠĠĠĠĠĠĠĠĠĠĠĠĠĠĠ,52,52,whitespace,none
mistral,105465, à°¤à°¿à°°à±ģà°Ĺà±ģà°¤à±ģà°¨à±įà°¨à°¾à°¯à°¿,Ġà°¤à°¿à°°à±ģà°Ĺà±ģà°¤à±ģà°¨à±įà°¨à°¾à°¯à°¿,43,43,other,none
mistral,106921, à°µà°¦à±ģà°²à±ģà°¤à±ģà°¨à±įà°¨à°¾à°°à±ģ,Ġà°µà°¦à±ģà°²à±ģà°¤à±ģà°¨à±įà°¨à°¾à°°à±ģ,40,40,numeric,none
mistral,108262, à°ľà°²à°µà°¨à°°à±ģà°²à±įà°²à±ĭà°ķà°¿,Ġà°ľà°²à°µà°¨à°°à±ģà°²à±įà°²à±ĭà°ķà°¿,37,37,numeric,none
mistral,109060,                                                                       ,ĠĠĠĠĠĠĠĠĠĠĠĠĠĠĠĠĠĠĠĠĠĠĠĠĠĠĠĠĠĠĠĠĠĠĠĠĠĠĠĠĠĠĠĠĠĠĠĠĠĠĠĠĠĠĠĠĠĠĠĠĠĠĠĠĠĠĠĠĠĠĠ,71,71,whitespace,none
mistral,112327, à°Łà±įà°°à°¾à°ķà±įà°Łà°°à±įà°²à±ģà°¨à±įà°¨à°¾à°¯à°¿,Ġà°Łà±įà°°à°¾à°ķà±įà°Łà°°à±įà°²à±ģà°¨à±įà°¨à°¾à°¯à°¿,52,52,numeric,none
mistral,112636,                                                         ,ĠĠĠĠĠĠĠĠĠĠĠĠĠĠĠĠĠĠĠĠĠĠĠĠĠĠĠĠĠĠĠĠĠĠĠĠĠĠĠĠĠĠĠĠĠĠĠĠĠĠĠĠĠĠĠĠĠ,57,57,whitespace,none
mistral,113151,                                                      ,ĠĠĠĠĠĠĠĠĠĠĠĠĠĠĠĠĠĠĠĠĠĠĠĠĠĠĠĠĠĠĠĠĠĠĠĠĠĠĠĠĠĠĠĠĠĠĠĠĠĠĠĠĠĠ,54,54,whitespace,none
mistral,118127,ありがとうございました,ãģĤãĤĬãģĮãģ¨ãģĨãģĶãģĸãģĦãģ¾ãģĹãģŁ,33,11,east_asian,Japanese Hiragana
mistral,120236,////////////////////////////////,////////////////////////////////,32,32,symbols,none
mistral,123422, Ð³Ð¾ÑģÑĥÐ´Ð°ÑĢÑģÑĤÐ²ÐµÐ½Ð½Ð¾Ð³Ð¾,ĠÐ³Ð¾ÑģÑĥÐ´Ð°ÑĢÑģÑĤÐ²ÐµÐ½Ð½Ð¾Ð³Ð¾,33,33,numeric,none
mistral,126218, **************************************************************************,Ġ**************************************************************************,75,75,symbols,none
mistral,129612, à°ªà±įà°°à°¤à±įà°¯à°¾à°®à±įà°¨à°¾à°¯,Ġà°ªà±įà°°à°¤à±įà°¯à°¾à°®à±įà°¨à°¾à°¯,37,37,other,none
mistral,130404,                                                        ,ĠĠĠĠĠĠĠĠĠĠĠĠĠĠĠĠĠĠĠĠĠĠĠĠĠĠĠĠĠĠĠĠĠĠĠĠĠĠĠĠĠĠĠĠĠĠĠĠĠĠĠĠĠĠĠĠ,56,56,whitespace,none
mistral,130899,                                                             ,ĠĠĠĠĠĠĠĠĠĠĠĠĠĠĠĠĠĠĠĠĠĠĠĠĠĠĠĠĠĠĠĠĠĠĠĠĠĠĠĠĠĠĠĠĠĠĠĠĠĠĠĠĠĠĠĠĠĠĠĠĠ,61,61,whitespace,none
byted,3122,                                ,ĠĠĠĠĠĠĠĠĠĠĠĠĠĠĠĠĠĠĠĠĠĠĠĠĠĠĠĠĠĠĠĠ,32,32,whitespace,none
byted,6505,--------------------------------,--------------------------------,32,32,symbols,none
byted,8430,                                   ,ĠĠĠĠĠĠĠĠĠĠĠĠĠĠĠĠĠĠĠĠĠĠĠĠĠĠĠĠĠĠĠĠĠĠĠ,35,35,whitespace,none
byted,9726,********************************,********************************,32,32,symbols,none
byted,11655,                                       ,ĠĠĠĠĠĠĠĠĠĠĠĠĠĠĠĠĠĠĠĠĠĠĠĠĠĠĠĠĠĠĠĠĠĠĠĠĠĠĠ,39,39,whitespace,none
byted,14760,================================,================================,32,32,symbols,none
byted,15230,                                                                ,ĠĠĠĠĠĠĠĠĠĠĠĠĠĠĠĠĠĠĠĠĠĠĠĠĠĠĠĠĠĠĠĠĠĠĠĠĠĠĠĠĠĠĠĠĠĠĠĠĠĠĠĠĠĠĠĠĠĠĠĠĠĠĠĠ,64,64,whitespace,none
byted,15546,................................,................................,32,32,symbols,none
byted,16821,                                           ,ĠĠĠĠĠĠĠĠĠĠĠĠĠĠĠĠĠĠĠĠĠĠĠĠĠĠĠĠĠĠĠĠĠĠĠĠĠĠĠĠĠĠĠ,43,43,whitespace,none
byted,16968,----------------------------------------------------------------,----------------------------------------------------------------,64,64,symbols,none
byted,21138,////////////////////////////////,////////////////////////////////,32,32,symbols,none
byted,22224,                                               ,ĠĠĠĠĠĠĠĠĠĠĠĠĠĠĠĠĠĠĠĠĠĠĠĠĠĠĠĠĠĠĠĠĠĠĠĠĠĠĠĠĠĠĠĠĠĠĠ,47,47,whitespace,none
byted,22507,##############################,################################,32,30,symbols,none
byted,23467,****************************************************************,****************************************************************,64,64,symbols,none
byted,28469,                                 ,ĠĠĠĠĠĠĠĠĠĠĠĠĠĠĠĠĠĠĠĠĠĠĠĠĠĠĠĠĠĠĠĠĠ,33,33,whitespace,none
byted,28529,                                                   ,ĠĠĠĠĠĠĠĠĠĠĠĠĠĠĠĠĠĠĠĠĠĠĠĠĠĠĠĠĠĠĠĠĠĠĠĠĠĠĠĠĠĠĠĠĠĠĠĠĠĠĠ,51,51,whitespace,none
byted,36694,------------------------------------------------,------------------------------------------------,48,48,symbols,none
byted,36952,                                     ,ĠĠĠĠĠĠĠĠĠĠĠĠĠĠĠĠĠĠĠĠĠĠĠĠĠĠĠĠĠĠĠĠĠĠĠĠĠ,37,37,whitespace,none
byted,37320,................................................................,................................................................,64,64,symbols,none
byted,38744,================================================================,================================================================,64,64,symbols,none
byted,40766,________________________________,________________________________,32,32,other,none
byted,40957, ----------------------------------------------------------------,Ġ----------------------------------------------------------------,65,65,symbols,none
byted,41011,                                                       ,ĠĠĠĠĠĠĠĠĠĠĠĠĠĠĠĠĠĠĠĠĠĠĠĠĠĠĠĠĠĠĠĠĠĠĠĠĠĠĠĠĠĠĠĠĠĠĠĠĠĠĠĠĠĠĠ,55,55,whitespace,none
byted,45582,                                         ,ĠĠĠĠĠĠĠĠĠĠĠĠĠĠĠĠĠĠĠĠĠĠĠĠĠĠĠĠĠĠĠĠĠĠĠĠĠĠĠĠĠ,41,41,whitespace,none
byted,46037,                                  ,ĠĠĠĠĠĠĠĠĠĠĠĠĠĠĠĠĠĠĠĠĠĠĠĠĠĠĠĠĠĠĠĠĠĠ,34,34,whitespace,none
byted,49091,                                    ,ĠĠĠĠĠĠĠĠĠĠĠĠĠĠĠĠĠĠĠĠĠĠĠĠĠĠĠĠĠĠĠĠĠĠĠĠ,36,36,whitespace,none
byted,49234,****************************************************************************,****************************************************************************,76,76,symbols,none
byted,51143,                                      ,ĠĠĠĠĠĠĠĠĠĠĠĠĠĠĠĠĠĠĠĠĠĠĠĠĠĠĠĠĠĠĠĠĠĠĠĠĠĠ,38,38,whitespace,none
byted,51888,////////////////////////////////////////////////////////////////,////////////////////////////////////////////////////////////////,64,64,symbols,none
byted,52891,                                                                                                                                ,ĠĠĠĠĠĠĠĠĠĠĠĠĠĠĠĠĠĠĠĠĠĠĠĠĠĠĠĠĠĠĠĠĠĠĠĠĠĠĠĠĠĠĠĠĠĠĠĠĠĠĠĠĠĠĠĠĠĠĠĠĠĠĠĠĠĠĠĠĠĠĠĠĠĠĠĠĠĠĠĠĠĠĠĠĠĠĠĠĠĠĠĠĠĠĠĠĠĠĠĠĠĠĠĠĠĠĠĠĠĠĠĠĠĠĠĠĠĠĠĠĠĠĠĠĠĠĠĠ,128,128,whitespace,none
byted,56603,"































",ĊĊĊĊĊĊĊĊĊĊĊĊĊĊĊĊĊĊĊĊĊĊĊĊĊĊĊĊĊĊĊĊ,32,32,whitespace,none
byted,57522,                                                           ,ĠĠĠĠĠĠĠĠĠĠĠĠĠĠĠĠĠĠĠĠĠĠĠĠĠĠĠĠĠĠĠĠĠĠĠĠĠĠĠĠĠĠĠĠĠĠĠĠĠĠĠĠĠĠĠĠĠĠĠ,59,59,whitespace,none
byted,57600,//----------------------------------------------------------------,//----------------------------------------------------------------,66,66,symbols,none
byted,58307,##############################################################,################################################################,64,62,symbols,none
byted,63143, ------------------------------------------------,Ġ------------------------------------------------,49,49,symbols,none
byted,63838,                                        ,ĠĠĠĠĠĠĠĠĠĠĠĠĠĠĠĠĠĠĠĠĠĠĠĠĠĠĠĠĠĠĠĠĠĠĠĠĠĠĠĠ,40,40,whitespace,none
byted,64210,                                             ,ĠĠĠĠĠĠĠĠĠĠĠĠĠĠĠĠĠĠĠĠĠĠĠĠĠĠĠĠĠĠĠĠĠĠĠĠĠĠĠĠĠĠĠĠĠ,45,45,whitespace,none
byted,68647,                                          ,ĠĠĠĠĠĠĠĠĠĠĠĠĠĠĠĠĠĠĠĠĠĠĠĠĠĠĠĠĠĠĠĠĠĠĠĠĠĠĠĠĠĠ,42,42,whitespace,none
byted,70132,                                            ,ĠĠĠĠĠĠĠĠĠĠĠĠĠĠĠĠĠĠĠĠĠĠĠĠĠĠĠĠĠĠĠĠĠĠĠĠĠĠĠĠĠĠĠĠ,44,44,whitespace,none
byted,71271,************************************************,************************************************,48,48,symbols,none
byted,71389,                                                               ,ĠĠĠĠĠĠĠĠĠĠĠĠĠĠĠĠĠĠĠĠĠĠĠĠĠĠĠĠĠĠĠĠĠĠĠĠĠĠĠĠĠĠĠĠĠĠĠĠĠĠĠĠĠĠĠĠĠĠĠĠĠĠĠ,63,63,whitespace,none
byted,71769, ï¿½ï¿½ï¿½ï¿½ï¿½ï¿½ï¿½ï¿½ï¿½ï¿½ï¿½ï¿½,Ġï¿½ï¿½ï¿½ï¿½ï¿½ï¿½ï¿½ï¿½ï¿½ï¿½ï¿½ï¿½,37,37,other,none
byted,72647, --------------------------------,Ġ--------------------------------,33,33,symbols,none
byted,74751,************************************************************************,************************************************************************,72,72,symbols,none
byted,79783, =================================================================,Ġ=================================================================,66,66,symbols,none
byted,80415,                                                 ,ĠĠĠĠĠĠĠĠĠĠĠĠĠĠĠĠĠĠĠĠĠĠĠĠĠĠĠĠĠĠĠĠĠĠĠĠĠĠĠĠĠĠĠĠĠĠĠĠĠ,49,49,whitespace,none
byted,82422,                                              ,ĠĠĠĠĠĠĠĠĠĠĠĠĠĠĠĠĠĠĠĠĠĠĠĠĠĠĠĠĠĠĠĠĠĠĠĠĠĠĠĠĠĠĠĠĠĠ,46,46,whitespace,none
byted,84404,================================================,================================================,48,48,symbols,none
byted,85463,                                                ,ĠĠĠĠĠĠĠĠĠĠĠĠĠĠĠĠĠĠĠĠĠĠĠĠĠĠĠĠĠĠĠĠĠĠĠĠĠĠĠĠĠĠĠĠĠĠĠĠ,48,48,whitespace,none
byted,86749, ï¿½ï¿½ï¿½ï¿½ï¿½ï¿½ï¿½ï¿½ï¿½ï¿½ï¿½,Ġï¿½ï¿½ï¿½ï¿½ï¿½ï¿½ï¿½ï¿½ï¿½ï¿½ï¿½,34,34,other,none
byted,88765,/****************************************************************************,/****************************************************************************,77,77,symbols,none
byted,89531,                                                                   ,ĠĠĠĠĠĠĠĠĠĠĠĠĠĠĠĠĠĠĠĠĠĠĠĠĠĠĠĠĠĠĠĠĠĠĠĠĠĠĠĠĠĠĠĠĠĠĠĠĠĠĠĠĠĠĠĠĠĠĠĠĠĠĠĠĠĠĠ,67,67,whitespace,none
byted,93053,                                                  ,ĠĠĠĠĠĠĠĠĠĠĠĠĠĠĠĠĠĠĠĠĠĠĠĠĠĠĠĠĠĠĠĠĠĠĠĠĠĠĠĠĠĠĠĠĠĠĠĠĠĠ,50,50,whitespace,none
byted,96794,"			
			
			
			
			
			
			
			
",ĉĉĉĊĉĉĉĊĉĉĉĊĉĉĉĊĉĉĉĊĉĉĉĊĉĉĉĊĉĉĉĊ,32,32,whitespace,none
byted,97257,FFFFFFFFFFFFFFFFFFFFFFFFFFFFFFFF,FFFFFFFFFFFFFFFFFFFFFFFFFFFFFFFF,32,32,english,none
byted,97826,                                                     ,ĠĠĠĠĠĠĠĠĠĠĠĠĠĠĠĠĠĠĠĠĠĠĠĠĠĠĠĠĠĠĠĠĠĠĠĠĠĠĠĠĠĠĠĠĠĠĠĠĠĠĠĠĠ,53,53,whitespace,none
byted,101571,                                                                           ,ĠĠĠĠĠĠĠĠĠĠĠĠĠĠĠĠĠĠĠĠĠĠĠĠĠĠĠĠĠĠĠĠĠĠĠĠĠĠĠĠĠĠĠĠĠĠĠĠĠĠĠĠĠĠĠĠĠĠĠĠĠĠĠĠĠĠĠĠĠĠĠĠĠĠĠ,75,75,whitespace,none
byted,101884, Ð³Ð¾ÑģÑĥÐ´Ð°ÑĢÑģÑĤÐ²ÐµÐ½Ð½Ð¾Ð³Ð¾,ĠÐ³Ð¾ÑģÑĥÐ´Ð°ÑĢÑģÑĤÐ²ÐµÐ½Ð½Ð¾Ð³Ð¾,33,33,numeric,none
byted,106344,                                                                       ,ĠĠĠĠĠĠĠĠĠĠĠĠĠĠĠĠĠĠĠĠĠĠĠĠĠĠĠĠĠĠĠĠĠĠĠĠĠĠĠĠĠĠĠĠĠĠĠĠĠĠĠĠĠĠĠĠĠĠĠĠĠĠĠĠĠĠĠĠĠĠĠ,71,71,whitespace,none
byted,108134, ****************************************************************************,Ġ****************************************************************************,77,77,symbols,none
byted,109721,                                                    ,ĠĠĠĠĠĠĠĠĠĠĠĠĠĠĠĠĠĠĠĠĠĠĠĠĠĠĠĠĠĠĠĠĠĠĠĠĠĠĠĠĠĠĠĠĠĠĠĠĠĠĠĠ,52,52,whitespace,none
byted,110918,%%%%%%%%%%%%%%%%%%%%%%%%%%%%%%%%,%%%%%%%%%%%%%%%%%%%%%%%%%%%%%%%%,32,32,symbols,none
byted,113574, ________________________________,Ġ________________________________,33,33,other,none
byted,113611,********************************************************************************,********************************************************************************,80,80,symbols,none
byted,117250,................................................................................................,................................................................................................,96,96,symbols,none
byted,119047,                                                      ,ĠĠĠĠĠĠĠĠĠĠĠĠĠĠĠĠĠĠĠĠĠĠĠĠĠĠĠĠĠĠĠĠĠĠĠĠĠĠĠĠĠĠĠĠĠĠĠĠĠĠĠĠĠĠ,54,54,whitespace,none
byted,123586, áĥ¡áĥĲáĥ¥áĥĲáĥłáĥĹáĥķáĥĶáĥļáĥĿáĥ¡,Ġáĥ¡áĥĲáĥ¥áĥĲáĥłáĥĹáĥķáĥĶáĥļáĥĿáĥ¡,34,34,other,none
byted,129905,============================================================================,============================================================================,76,76,symbols,none
byted,130206,                                Ċ,ĠĠĠĠĠĠĠĠĠĠĠĠĠĠĠĠĠĠĠĠĠĠĠĠĠĠĠĠĠĠĠĠĊ,33,33,other,none
byted,130721, ************************************************************************,Ġ************************************************************************,73,73,symbols,none
byted,131622,--------------------------------------------------------------------------------,--------------------------------------------------------------------------------,80,80,symbols,none
byted,151525,                                                                                                                                                                                                                                                                ,ĠĠĠĠĠĠĠĠĠĠĠĠĠĠĠĠĠĠĠĠĠĠĠĠĠĠĠĠĠĠĠĠĠĠĠĠĠĠĠĠĠĠĠĠĠĠĠĠĠĠĠĠĠĠĠĠĠĠĠĠĠĠĠĠĠĠĠĠĠĠĠĠĠĠĠĠĠĠĠĠĠĠĠĠĠĠĠĠĠĠĠĠĠĠĠĠĠĠĠĠĠĠĠĠĠĠĠĠĠĠĠĠĠĠĠĠĠĠĠĠĠĠĠĠĠĠĠĠĠĠĠĠĠĠĠĠĠĠĠĠĠĠĠĠĠĠĠĠĠĠĠĠĠĠĠĠĠĠĠĠĠĠĠĠĠĠĠĠĠĠĠĠĠĠĠĠĠĠĠĠĠĠĠĠĠĠĠĠĠĠĠĠĠĠĠĠĠĠĠĠĠĠĠĠĠĠĠĠĠĠĠĠĠĠĠĠĠĠĠĠĠĠĠĠĠĠĠĠĠĠĠĠĠĠĠĠĠĠĠĠĠĠĠĠĠĠĠĠĠĠĠĠĠĠĠĠ,256,256,whitespace,none
byted,151670,                ,ÂłÂłÂłÂłÂłÂłÂłÂłÂłÂłÂłÂłÂłÂłÂłÂł,32,16,whitespace,none
byted,151848,                                                                                                                ,ĠĠĠĠĠĠĠĠĠĠĠĠĠĠĠĠĠĠĠĠĠĠĠĠĠĠĠĠĠĠĠĠĠĠĠĠĠĠĠĠĠĠĠĠĠĠĠĠĠĠĠĠĠĠĠĠĠĠĠĠĠĠĠĠĠĠĠĠĠĠĠĠĠĠĠĠĠĠĠĠĠĠĠĠĠĠĠĠĠĠĠĠĠĠĠĠĠĠĠĠĠĠĠĠĠĠĠĠĠĠĠĠ,112,112,whitespace,none
byted,151902,                                              Ċ,ĠĠĠĠĠĠĠĠĠĠĠĠĠĠĠĠĠĠĠĠĠĠĠĠĠĠĠĠĠĠĠĠĠĠĠĠĠĠĠĠĠĠĠĠĠĠĊ,47,47,other,none
byted,151910,                                                                                                                                                                                                                                                                                                                                                                                                                                                                                                                                ,ĠĠĠĠĠĠĠĠĠĠĠĠĠĠĠĠĠĠĠĠĠĠĠĠĠĠĠĠĠĠĠĠĠĠĠĠĠĠĠĠĠĠĠĠĠĠĠĠĠĠĠĠĠĠĠĠĠĠĠĠĠĠĠĠĠĠĠĠĠĠĠĠĠĠĠĠĠĠĠĠĠĠĠĠĠĠĠĠĠĠĠĠĠĠĠĠĠĠĠĠĠĠĠĠĠĠĠĠĠĠĠĠĠĠĠĠĠĠĠĠĠĠĠĠĠĠĠĠĠĠĠĠĠĠĠĠĠĠĠĠĠĠĠĠĠĠĠĠĠĠĠĠĠĠĠĠĠĠĠĠĠĠĠĠĠĠĠĠĠĠĠĠĠĠĠĠĠĠĠĠĠĠĠĠĠĠĠĠĠĠĠĠĠĠĠĠĠĠĠĠĠĠĠĠĠĠĠĠĠĠĠĠĠĠĠĠĠĠĠĠĠĠĠĠĠĠĠĠĠĠĠĠĠĠĠĠĠĠĠĠĠĠĠĠĠĠĠĠĠĠĠĠĠĠĠĠĠĠĠĠĠĠĠĠĠĠĠĠĠĠĠĠĠĠĠĠĠĠĠĠĠĠĠĠĠĠĠĠĠĠĠĠĠĠĠĠĠĠĠĠĠĠĠĠĠĠĠĠĠĠĠĠĠĠĠĠĠĠĠĠĠĠĠĠĠĠĠĠĠĠĠĠĠĠĠĠĠĠĠĠĠĠĠĠĠĠĠĠĠĠĠĠĠĠĠĠĠĠĠĠĠĠĠĠĠĠĠĠĠĠĠĠĠĠĠĠĠĠĠĠĠĠĠĠĠĠĠĠĠĠĠĠĠĠĠĠĠĠĠĠĠĠĠĠĠĠĠĠĠĠĠĠĠĠĠĠĠĠĠĠĠĠĠĠĠĠĠĠĠĠĠĠĠĠĠĠĠĠĠĠĠĠĠĠĠĠĠĠĠĠĠĠĠĠĠĠĠĠĠĠĠĠĠĠĠĠĠĠĠĠĠĠĠĠĠĠĠĠĠĠĠĠĠĠĠĠĠĠĠĠĠĠĠĠĠĠĠĠĠĠĠĠĠĠĠĠĠĠĠĠĠĠ,512,512,whitespace,none
byted,151918,                                          Ċ,ĠĠĠĠĠĠĠĠĠĠĠĠĠĠĠĠĠĠĠĠĠĠĠĠĠĠĠĠĠĠĠĠĠĠĠĠĠĠĠĠĠĠĊ,43,43,other,none
byted,151965,                                    Ċ,ĠĠĠĠĠĠĠĠĠĠĠĠĠĠĠĠĠĠĠĠĠĠĠĠĠĠĠĠĠĠĠĠĠĠĠĠĊ,37,37,other,none
byted,152026,                                      Ċ,ĠĠĠĠĠĠĠĠĠĠĠĠĠĠĠĠĠĠĠĠĠĠĠĠĠĠĠĠĠĠĠĠĠĠĠĠĠĠĊ,39,39,other,none
byted,152050,                                        Ċ,ĠĠĠĠĠĠĠĠĠĠĠĠĠĠĠĠĠĠĠĠĠĠĠĠĠĠĠĠĠĠĠĠĠĠĠĠĠĠĠĠĊ,41,41,other,none
byted,152074,                                            Ċ,ĠĠĠĠĠĠĠĠĠĠĠĠĠĠĠĠĠĠĠĠĠĠĠĠĠĠĠĠĠĠĠĠĠĠĠĠĠĠĠĠĠĠĠĠĊ,45,45,other,none
byted,152144,                                 Ċ,ĠĠĠĠĠĠĠĠĠĠĠĠĠĠĠĠĠĠĠĠĠĠĠĠĠĠĠĠĠĠĠĠĠĊ,34,34,other,none
byted,152325,                                  Ċ,ĠĠĠĠĠĠĠĠĠĠĠĠĠĠĠĠĠĠĠĠĠĠĠĠĠĠĠĠĠĠĠĠĠĠĊ,35,35,other,none
byted,152430,                                                                                                                                                                                                ,ĠĠĠĠĠĠĠĠĠĠĠĠĠĠĠĠĠĠĠĠĠĠĠĠĠĠĠĠĠĠĠĠĠĠĠĠĠĠĠĠĠĠĠĠĠĠĠĠĠĠĠĠĠĠĠĠĠĠĠĠĠĠĠĠĠĠĠĠĠĠĠĠĠĠĠĠĠĠĠĠĠĠĠĠĠĠĠĠĠĠĠĠĠĠĠĠĠĠĠĠĠĠĠĠĠĠĠĠĠĠĠĠĠĠĠĠĠĠĠĠĠĠĠĠĠĠĠĠĠĠĠĠĠĠĠĠĠĠĠĠĠĠĠĠĠĠĠĠĠĠĠĠĠĠĠĠĠĠĠĠĠĠĠĠĠĠĠĠĠĠĠĠĠĠĠĠĠĠĠĠĠĠĠĠĠĠĠĠĠĠĠĠ,192,192,whitespace,none
byted,152498,                                ,ÂłÂłÂłÂłÂłÂłÂłÂłÂłÂłÂłÂłÂłÂłÂłÂłÂłÂłÂłÂłÂłÂłÂłÂłÂłÂłÂłÂłÂłÂłÂłÂł,64,32,whitespace,none
byted,152607,                                                 Ċ,ĠĠĠĠĠĠĠĠĠĠĠĠĠĠĠĠĠĠĠĠĠĠĠĠĠĠĠĠĠĠĠĠĠĠĠĠĠĠĠĠĠĠĠĠĠĠĠĠĠĊ,50,50,other,none
byted,152726,                                                  Ċ,ĠĠĠĠĠĠĠĠĠĠĠĠĠĠĠĠĠĠĠĠĠĠĠĠĠĠĠĠĠĠĠĠĠĠĠĠĠĠĠĠĠĠĠĠĠĠĠĠĠĠĊ,51,51,other,none
byted,154813,                                                                 ,ĠĠĠĠĠĠĠĠĠĠĠĠĠĠĠĠĠĠĠĠĠĠĠĠĠĠĠĠĠĠĠĠĠĠĠĠĠĠĠĠĠĠĠĠĠĠĠĠĠĠĠĠĠĠĠĠĠĠĠĠĠĠĠĠĠ,65,65,whitespace,none
qwencode,786,                                ,ĠĠĠĠĠĠĠĠĠĠĠĠĠĠĠĠĠĠĠĠĠĠĠĠĠĠĠĠĠĠĠĠ,32,32,whitespace,none
qwencode,1408,--------------------------------,--------------------------------,32,32,symbols,none
qwencode,1689,********************************,********************************,32,32,symbols,none
qwencode,1920,                                   ,ĠĠĠĠĠĠĠĠĠĠĠĠĠĠĠĠĠĠĠĠĠĠĠĠĠĠĠĠĠĠĠĠĠĠĠ,35,35,whitespace,none
qwencode,2559,                                       ,ĠĠĠĠĠĠĠĠĠĠĠĠĠĠĠĠĠĠĠĠĠĠĠĠĠĠĠĠĠĠĠĠĠĠĠĠĠĠĠ,39,39,whitespace,none
qwencode,3058,================================,================================,32,32,symbols,none
qwencode,3344,                                           ,ĠĠĠĠĠĠĠĠĠĠĠĠĠĠĠĠĠĠĠĠĠĠĠĠĠĠĠĠĠĠĠĠĠĠĠĠĠĠĠĠĠĠĠ,43,43,whitespace,none
qwencode,3513,----------------------------------------------------------------,----------------------------------------------------------------,64,64,symbols,none
qwencode,3898,////////////////////////////////,////////////////////////////////,32,32,symbols,none
qwencode,4077,****************************************************************,****************************************************************,64,64,symbols,none
qwencode,4569,                                               ,ĠĠĠĠĠĠĠĠĠĠĠĠĠĠĠĠĠĠĠĠĠĠĠĠĠĠĠĠĠĠĠĠĠĠĠĠĠĠĠĠĠĠĠĠĠĠĠ,47,47,whitespace,none
qwencode,5026,##############################,################################,32,30,symbols,none
qwencode,5238,                                                                ,ĠĠĠĠĠĠĠĠĠĠĠĠĠĠĠĠĠĠĠĠĠĠĠĠĠĠĠĠĠĠĠĠĠĠĠĠĠĠĠĠĠĠĠĠĠĠĠĠĠĠĠĠĠĠĠĠĠĠĠĠĠĠĠĠ,64,64,whitespace,none
qwencode,5596,************************************************************************,************************************************************************,72,72,symbols,none
qwencode,6374,                                                   ,ĠĠĠĠĠĠĠĠĠĠĠĠĠĠĠĠĠĠĠĠĠĠĠĠĠĠĠĠĠĠĠĠĠĠĠĠĠĠĠĠĠĠĠĠĠĠĠĠĠĠĠ,51,51,whitespace,none
qwencode,6656,                                 ,ĠĠĠĠĠĠĠĠĠĠĠĠĠĠĠĠĠĠĠĠĠĠĠĠĠĠĠĠĠĠĠĠĠ,33,33,whitespace,none
qwencode,8136,                                                       ,ĠĠĠĠĠĠĠĠĠĠĠĠĠĠĠĠĠĠĠĠĠĠĠĠĠĠĠĠĠĠĠĠĠĠĠĠĠĠĠĠĠĠĠĠĠĠĠĠĠĠĠĠĠĠĠ,55,55,whitespace,none
qwencode,8152,================================================================,================================================================,64,64,symbols,none
qwencode,8333,                                     ,ĠĠĠĠĠĠĠĠĠĠĠĠĠĠĠĠĠĠĠĠĠĠĠĠĠĠĠĠĠĠĠĠĠĠĠĠĠ,37,37,whitespace,none
qwencode,8466, ----------------------------------------------------------------,Ġ----------------------------------------------------------------,65,65,symbols,none
qwencode,9229,------------------------------------------------,------------------------------------------------,48,48,symbols,none
qwencode,9699,                                  ,ĠĠĠĠĠĠĠĠĠĠĠĠĠĠĠĠĠĠĠĠĠĠĠĠĠĠĠĠĠĠĠĠĠĠ,34,34,whitespace,none
qwencode,9822,////////////////////////////////////////////////////////////////,////////////////////////////////////////////////////////////////,64,64,symbols,none
qwencode,9888,//----------------------------------------------------------------,//----------------------------------------------------------------,66,66,symbols,none
qwencode,10503,                                         ,ĠĠĠĠĠĠĠĠĠĠĠĠĠĠĠĠĠĠĠĠĠĠĠĠĠĠĠĠĠĠĠĠĠĠĠĠĠĠĠĠĠ,41,41,whitespace,none
qwencode,10534, ************************************************************************,Ġ************************************************************************,73,73,symbols,none
qwencode,10589,                                    ,ĠĠĠĠĠĠĠĠĠĠĠĠĠĠĠĠĠĠĠĠĠĠĠĠĠĠĠĠĠĠĠĠĠĠĠĠ,36,36,whitespace,none
qwencode,11070,                                      ,ĠĠĠĠĠĠĠĠĠĠĠĠĠĠĠĠĠĠĠĠĠĠĠĠĠĠĠĠĠĠĠĠĠĠĠĠĠĠ,38,38,whitespace,none
qwencode,11370,/************************************************************************,/************************************************************************,73,73,symbols,none
qwencode,11950,                                                           ,ĠĠĠĠĠĠĠĠĠĠĠĠĠĠĠĠĠĠĠĠĠĠĠĠĠĠĠĠĠĠĠĠĠĠĠĠĠĠĠĠĠĠĠĠĠĠĠĠĠĠĠĠĠĠĠĠĠĠĠ,59,59,whitespace,none
qwencode,12841,                                        ,ĠĠĠĠĠĠĠĠĠĠĠĠĠĠĠĠĠĠĠĠĠĠĠĠĠĠĠĠĠĠĠĠĠĠĠĠĠĠĠĠ,40,40,whitespace,none
qwencode,13067,##############################################################,################################################################,64,62,symbols,none
qwencode,13463,                                             ,ĠĠĠĠĠĠĠĠĠĠĠĠĠĠĠĠĠĠĠĠĠĠĠĠĠĠĠĠĠĠĠĠĠĠĠĠĠĠĠĠĠĠĠĠĠ,45,45,whitespace,none
qwencode,14265,                                          ,ĠĠĠĠĠĠĠĠĠĠĠĠĠĠĠĠĠĠĠĠĠĠĠĠĠĠĠĠĠĠĠĠĠĠĠĠĠĠĠĠĠĠ,42,42,whitespace,none
qwencode,14642,                                                                           ,ĠĠĠĠĠĠĠĠĠĠĠĠĠĠĠĠĠĠĠĠĠĠĠĠĠĠĠĠĠĠĠĠĠĠĠĠĠĠĠĠĠĠĠĠĠĠĠĠĠĠĠĠĠĠĠĠĠĠĠĠĠĠĠĠĠĠĠĠĠĠĠĠĠĠĠ,75,75,whitespace,none
qwencode,15270,                                                               ,ĠĠĠĠĠĠĠĠĠĠĠĠĠĠĠĠĠĠĠĠĠĠĠĠĠĠĠĠĠĠĠĠĠĠĠĠĠĠĠĠĠĠĠĠĠĠĠĠĠĠĠĠĠĠĠĠĠĠĠĠĠĠĠ,63,63,whitespace,none
qwencode,15429,                                            ,ĠĠĠĠĠĠĠĠĠĠĠĠĠĠĠĠĠĠĠĠĠĠĠĠĠĠĠĠĠĠĠĠĠĠĠĠĠĠĠĠĠĠĠĠ,44,44,whitespace,none
qwencode,16168, =================================================================,Ġ=================================================================,66,66,symbols,none
qwencode,16562,................................,................................,32,32,symbols,none
qwencode,17264,                                              ,ĠĠĠĠĠĠĠĠĠĠĠĠĠĠĠĠĠĠĠĠĠĠĠĠĠĠĠĠĠĠĠĠĠĠĠĠĠĠĠĠĠĠĠĠĠĠ,46,46,whitespace,none
qwencode,17466,________________________________,________________________________,32,32,other,none
qwencode,17535, **************************************************************************,Ġ**************************************************************************,75,75,symbols,none
qwencode,17648,                                                 ,ĠĠĠĠĠĠĠĠĠĠĠĠĠĠĠĠĠĠĠĠĠĠĠĠĠĠĠĠĠĠĠĠĠĠĠĠĠĠĠĠĠĠĠĠĠĠĠĠĠ,49,49,whitespace,none
qwencode,18012,//----------------------------------------------------------------------------,//----------------------------------------------------------------------------,78,78,symbols,none
qwencode,18036, ------------------------------------------------,Ġ------------------------------------------------,49,49,symbols,none
qwencode,18749,                                                ,ĠĠĠĠĠĠĠĠĠĠĠĠĠĠĠĠĠĠĠĠĠĠĠĠĠĠĠĠĠĠĠĠĠĠĠĠĠĠĠĠĠĠĠĠĠĠĠĠ,48,48,whitespace,none
qwencode,18782,================================================,================================================,48,48,symbols,none
qwencode,19273,                                                                   ,ĠĠĠĠĠĠĠĠĠĠĠĠĠĠĠĠĠĠĠĠĠĠĠĠĠĠĠĠĠĠĠĠĠĠĠĠĠĠĠĠĠĠĠĠĠĠĠĠĠĠĠĠĠĠĠĠĠĠĠĠĠĠĠĠĠĠĠ,67,67,whitespace,none
qwencode,19728, --------------------------------,Ġ--------------------------------,33,33,symbols,none
qwencode,20159,/****************************************************************,/****************************************************************,65,65,symbols,none
qwencode,20974,                                                     ,ĠĠĠĠĠĠĠĠĠĠĠĠĠĠĠĠĠĠĠĠĠĠĠĠĠĠĠĠĠĠĠĠĠĠĠĠĠĠĠĠĠĠĠĠĠĠĠĠĠĠĠĠĠ,53,53,whitespace,none
qwencode,21509,                                                  ,ĠĠĠĠĠĠĠĠĠĠĠĠĠĠĠĠĠĠĠĠĠĠĠĠĠĠĠĠĠĠĠĠĠĠĠĠĠĠĠĠĠĠĠĠĠĠĠĠĠĠ,50,50,whitespace,none
qwencode,22292, ****************************************************************,Ġ****************************************************************,65,65,symbols,none
qwencode,22335,                                                                       ,ĠĠĠĠĠĠĠĠĠĠĠĠĠĠĠĠĠĠĠĠĠĠĠĠĠĠĠĠĠĠĠĠĠĠĠĠĠĠĠĠĠĠĠĠĠĠĠĠĠĠĠĠĠĠĠĠĠĠĠĠĠĠĠĠĠĠĠĠĠĠĠ,71,71,whitespace,none
qwencode,22349,----------------------------------------------------------------------------,----------------------------------------------------------------------------,76,76,symbols,none
qwencode,22565,/****************************************************************************,/****************************************************************************,77,77,symbols,none
qwencode,22958, ********************************,Ġ********************************,33,33,symbols,none
qwencode,23161,//================================================================,//================================================================,66,66,symbols,none
qwencode,23852, ----------------------------------------------------------------------------,Ġ----------------------------------------------------------------------------,77,77,symbols,none
qwencode,24348,                                                    ,ĠĠĠĠĠĠĠĠĠĠĠĠĠĠĠĠĠĠĠĠĠĠĠĠĠĠĠĠĠĠĠĠĠĠĠĠĠĠĠĠĠĠĠĠĠĠĠĠĠĠĠĠ,52,52,whitespace,none
qwencode,25275,/********************************,/********************************,33,33,symbols,none
qwencode,25773,                                                      ,ĠĠĠĠĠĠĠĠĠĠĠĠĠĠĠĠĠĠĠĠĠĠĠĠĠĠĠĠĠĠĠĠĠĠĠĠĠĠĠĠĠĠĠĠĠĠĠĠĠĠĠĠĠĠ,54,54,whitespace,none
qwencode,25885,"--------------------------------------------------------------------------
",--------------------------------------------------------------------------Ċ,75,75,symbols,none
qwencode,26065,                                                         ,ĠĠĠĠĠĠĠĠĠĠĠĠĠĠĠĠĠĠĠĠĠĠĠĠĠĠĠĠĠĠĠĠĠĠĠĠĠĠĠĠĠĠĠĠĠĠĠĠĠĠĠĠĠĠĠĠĠ,57,57,whitespace,none
qwencode,27183,////////////////////////////////////////////////////////////////////////////,////////////////////////////////////////////////////////////////////////////,76,76,symbols,none
qwencode,27405,////////////////////////////////////////////////,////////////////////////////////////////////////,48,48,symbols,none
qwencode,28226,////////////////////////////////////////////////////////////////////////////////,////////////////////////////////////////////////////////////////////////////////,80,80,symbols,none
qwencode,28585, =================================================,Ġ=================================================,50,50,symbols,none
qwencode,28644, ****************************************************************************,Ġ****************************************************************************,77,77,symbols,none
qwencode,28802,                                                        ,ĠĠĠĠĠĠĠĠĠĠĠĠĠĠĠĠĠĠĠĠĠĠĠĠĠĠĠĠĠĠĠĠĠĠĠĠĠĠĠĠĠĠĠĠĠĠĠĠĠĠĠĠĠĠĠĠ,56,56,whitespace,none
qwencode,29854,##############################################,################################################,48,46,symbols,none
qwencode,29865,/*----------------------------------------------------------------,/*----------------------------------------------------------------,66,66,symbols,none
qwencode,30889,//------------------------------------------------,//------------------------------------------------,50,50,symbols,none
qwencode,31979,                                                             ,ĠĠĠĠĠĠĠĠĠĠĠĠĠĠĠĠĠĠĠĠĠĠĠĠĠĠĠĠĠĠĠĠĠĠĠĠĠĠĠĠĠĠĠĠĠĠĠĠĠĠĠĠĠĠĠĠĠĠĠĠĠ,61,61,whitespace,none
qwencode,32041,##########################################################################,############################################################################,76,74,symbols,none
qwencode,32678,                                                          ,ĠĠĠĠĠĠĠĠĠĠĠĠĠĠĠĠĠĠĠĠĠĠĠĠĠĠĠĠĠĠĠĠĠĠĠĠĠĠĠĠĠĠĠĠĠĠĠĠĠĠĠĠĠĠĠĠĠĠ,58,58,whitespace,none
qwencode,33009,%%%%%%%%%%%%%%%%%%%%%%%%%%%%%%%%,%%%%%%%%%%%%%%%%%%%%%%%%%%%%%%%%,32,32,symbols,none
qwencode,33518,****************************************************************************,****************************************************************************,76,76,symbols,none
qwencode,33641,                                Ċ,ĠĠĠĠĠĠĠĠĠĠĠĠĠĠĠĠĠĠĠĠĠĠĠĠĠĠĠĠĠĠĠĠĊ,33,33,other,none
qwencode,35109,////////////////////////////////////////////////////////////////////////,////////////////////////////////////////////////////////////////////////,72,72,symbols,none
qwencode,35619, //----------------------------------------------------------------,Ġ//----------------------------------------------------------------,67,67,symbols,none
qwencode,35774, =================================,Ġ=================================,34,34,symbols,none
qwencode,36713,"/*******************************************************************************
",/*******************************************************************************Ċ,81,81,symbols,none
qwencode,37083,                                                              ,ĠĠĠĠĠĠĠĠĠĠĠĠĠĠĠĠĠĠĠĠĠĠĠĠĠĠĠĠĠĠĠĠĠĠĠĠĠĠĠĠĠĠĠĠĠĠĠĠĠĠĠĠĠĠĠĠĠĠĠĠĠĠ,62,62,whitespace,none
qwencode,37144,                                                                        ,ĠĠĠĠĠĠĠĠĠĠĠĠĠĠĠĠĠĠĠĠĠĠĠĠĠĠĠĠĠĠĠĠĠĠĠĠĠĠĠĠĠĠĠĠĠĠĠĠĠĠĠĠĠĠĠĠĠĠĠĠĠĠĠĠĠĠĠĠĠĠĠĠ,72,72,whitespace,none
qwencode,38171,                                                                 ,ĠĠĠĠĠĠĠĠĠĠĠĠĠĠĠĠĠĠĠĠĠĠĠĠĠĠĠĠĠĠĠĠĠĠĠĠĠĠĠĠĠĠĠĠĠĠĠĠĠĠĠĠĠĠĠĠĠĠĠĠĠĠĠĠĠ,65,65,whitespace,none
qwencode,38368, =========================================================================,Ġ=========================================================================,74,74,symbols,none
qwencode,38484,                                                            ,ĠĠĠĠĠĠĠĠĠĠĠĠĠĠĠĠĠĠĠĠĠĠĠĠĠĠĠĠĠĠĠĠĠĠĠĠĠĠĠĠĠĠĠĠĠĠĠĠĠĠĠĠĠĠĠĠĠĠĠĠ,60,60,whitespace,none
qwencode,39373, --------------------------------------------------------------------------------,Ġ--------------------------------------------------------------------------------,81,81,symbols,none
qwencode,39484,                                                                               ,ĠĠĠĠĠĠĠĠĠĠĠĠĠĠĠĠĠĠĠĠĠĠĠĠĠĠĠĠĠĠĠĠĠĠĠĠĠĠĠĠĠĠĠĠĠĠĠĠĠĠĠĠĠĠĠĠĠĠĠĠĠĠĠĠĠĠĠĠĠĠĠĠĠĠĠĠĠĠĠ,79,79,whitespace,none
qwencode,40072,****************************************,****************************************,40,40,symbols,none
qwencode,40486,##############################################################################,################################################################################,80,78,symbols,none
qwencode,41056,                                                                          ,ĠĠĠĠĠĠĠĠĠĠĠĠĠĠĠĠĠĠĠĠĠĠĠĠĠĠĠĠĠĠĠĠĠĠĠĠĠĠĠĠĠĠĠĠĠĠĠĠĠĠĠĠĠĠĠĠĠĠĠĠĠĠĠĠĠĠĠĠĠĠĠĠĠĠ,74,74,whitespace,none
qwencode,42080,"|--------------------------------------------------------------------------
",|--------------------------------------------------------------------------Ċ,76,76,symbols,none
qwencode,42269,................................................................,................................................................,64,64,symbols,none
qwencode,42708,                                                                     ,ĠĠĠĠĠĠĠĠĠĠĠĠĠĠĠĠĠĠĠĠĠĠĠĠĠĠĠĠĠĠĠĠĠĠĠĠĠĠĠĠĠĠĠĠĠĠĠĠĠĠĠĠĠĠĠĠĠĠĠĠĠĠĠĠĠĠĠĠĠ,69,69,whitespace,none
qwencode,43200,////////////////////////////////////////////////////////////////////,////////////////////////////////////////////////////////////////////,68,68,symbols,none
qwencode,43449,--------------------------------------------------------------------------------,--------------------------------------------------------------------------------,80,80,symbols,none
qwencode,44142,"//-----------------------------------------------------------------------------
",//-----------------------------------------------------------------------------Ċ,80,80,symbols,none
qwencode,44438,/*================================================================,/*================================================================,66,66,symbols,none
qwencode,45807,                                    Ċ,ĠĠĠĠĠĠĠĠĠĠĠĠĠĠĠĠĠĠĠĠĠĠĠĠĠĠĠĠĠĠĠĠĠĠĠĠĊ,37,37,other,none
qwencode,45814,"//------------------------------------------------------------------------------
",//------------------------------------------------------------------------------Ċ,81,81,symbols,none
qwencode,46145,                                                                         ,ĠĠĠĠĠĠĠĠĠĠĠĠĠĠĠĠĠĠĠĠĠĠĠĠĠĠĠĠĠĠĠĠĠĠĠĠĠĠĠĠĠĠĠĠĠĠĠĠĠĠĠĠĠĠĠĠĠĠĠĠĠĠĠĠĠĠĠĠĠĠĠĠĠ,73,73,whitespace,none
qwencode,46576,************************************************,************************************************,48,48,symbols,none
qwencode,46771,                                                                      ,ĠĠĠĠĠĠĠĠĠĠĠĠĠĠĠĠĠĠĠĠĠĠĠĠĠĠĠĠĠĠĠĠĠĠĠĠĠĠĠĠĠĠĠĠĠĠĠĠĠĠĠĠĠĠĠĠĠĠĠĠĠĠĠĠĠĠĠĠĠĠ,70,70,whitespace,none
qwencode,46932,________________________________________________________________,________________________________________________________________,64,64,other,none
qwencode,47549,                                                                  ,ĠĠĠĠĠĠĠĠĠĠĠĠĠĠĠĠĠĠĠĠĠĠĠĠĠĠĠĠĠĠĠĠĠĠĠĠĠĠĠĠĠĠĠĠĠĠĠĠĠĠĠĠĠĠĠĠĠĠĠĠĠĠĠĠĠĠ,66,66,whitespace,none
qwencode,48256,//--------------------------------,//--------------------------------,34,34,symbols,none
qwencode,48497, ################################################################,Ġ################################################################,65,65,symbols,none
qwencode,50561,//--------------------------------------------------------------------------------,//--------------------------------------------------------------------------------,82,82,symbols,none
qwencode,51068,                                                                    ,ĠĠĠĠĠĠĠĠĠĠĠĠĠĠĠĠĠĠĠĠĠĠĠĠĠĠĠĠĠĠĠĠĠĠĠĠĠĠĠĠĠĠĠĠĠĠĠĠĠĠĠĠĠĠĠĠĠĠĠĠĠĠĠĠĠĠĠĠ,68,68,whitespace,none
qwencode,51475,                                                                                   ,ĠĠĠĠĠĠĠĠĠĠĠĠĠĠĠĠĠĠĠĠĠĠĠĠĠĠĠĠĠĠĠĠĠĠĠĠĠĠĠĠĠĠĠĠĠĠĠĠĠĠĠĠĠĠĠĠĠĠĠĠĠĠĠĠĠĠĠĠĠĠĠĠĠĠĠĠĠĠĠĠĠĠĠ,83,83,whitespace,none
qwencode,51814, -----------------------------------------------------------------------------Ċ,Ġ-----------------------------------------------------------------------------Ċ,79,79,symbols,none
qwencode,53147,********************************************************,********************************************************,56,56,symbols,none
qwencode,53196,"/******************************************************************************
",/******************************************************************************Ċ,80,80,symbols,none
qwencode,53264,----------------------------------------------------------------------,----------------------------------------------------------------------,70,70,symbols,none
qwencode,54301, ################################,Ġ################################,33,33,symbols,none
qwencode,55263,//****************************************************************,//****************************************************************,66,66,symbols,none
qwencode,55799,                                                                            ,ĠĠĠĠĠĠĠĠĠĠĠĠĠĠĠĠĠĠĠĠĠĠĠĠĠĠĠĠĠĠĠĠĠĠĠĠĠĠĠĠĠĠĠĠĠĠĠĠĠĠĠĠĠĠĠĠĠĠĠĠĠĠĠĠĠĠĠĠĠĠĠĠĠĠĠĠ,76,76,whitespace,none
qwencode,56342,//------------------------------------------------------------------------------------------------,//------------------------------------------------------------------------------------------------,98,98,symbols,none
qwencode,56596,                                        Ċ,ĠĠĠĠĠĠĠĠĠĠĠĠĠĠĠĠĠĠĠĠĠĠĠĠĠĠĠĠĠĠĠĠĠĠĠĠĠĠĠĠĊ,41,41,other,none
qwencode,56940,                                                                                                                                ,ĠĠĠĠĠĠĠĠĠĠĠĠĠĠĠĠĠĠĠĠĠĠĠĠĠĠĠĠĠĠĠĠĠĠĠĠĠĠĠĠĠĠĠĠĠĠĠĠĠĠĠĠĠĠĠĠĠĠĠĠĠĠĠĠĠĠĠĠĠĠĠĠĠĠĠĠĠĠĠĠĠĠĠĠĠĠĠĠĠĠĠĠĠĠĠĠĠĠĠĠĠĠĠĠĠĠĠĠĠĠĠĠĠĠĠĠĠĠĠĠĠĠĠĠĠĠĠĠ,128,128,whitespace,none
qwencode,57307,"//---------------------------------------------------------------------------
",//---------------------------------------------------------------------------Ċ,78,78,symbols,none
qwencode,57906,/*----------------------------------------------------------------------------,/*----------------------------------------------------------------------------,78,78,symbols,none
qwencode,58007,"/****************************************************************************
",/****************************************************************************Ċ,78,78,symbols,none
qwencode,58591,                                                                             ,ĠĠĠĠĠĠĠĠĠĠĠĠĠĠĠĠĠĠĠĠĠĠĠĠĠĠĠĠĠĠĠĠĠĠĠĠĠĠĠĠĠĠĠĠĠĠĠĠĠĠĠĠĠĠĠĠĠĠĠĠĠĠĠĠĠĠĠĠĠĠĠĠĠĠĠĠĠ,77,77,whitespace,none
qwencode,58869,"////////////////////////////////////////////////////////////////////////////////
",////////////////////////////////////////////////////////////////////////////////Ċ,81,81,symbols,none
qwencode,59649,                Ċ                Ċ,ĠĠĠĠĠĠĠĠĠĠĠĠĠĠĠĠĊĠĠĠĠĠĠĠĠĠĠĠĠĠĠĠĠĊ,34,34,other,none
qwencode,59809, ------------------------------------------------------------------------------------------------,Ġ------------------------------------------------------------------------------------------------,97,97,symbols,none
qwencode,60107,latesAutoresizingMaskIntoConstraints,latesAutoresizingMaskIntoConstraints,36,36,english,none
qwencode,60211,————————————————,âĢĶâĢĶâĢĶâĢĶâĢĶâĢĶâĢĶâĢĶâĢĶâĢĶâĢĶâĢĶâĢĶâĢĶâĢĶâĢĶ,48,16,other,none
qwencode,60609, //////////////////////////////////,Ġ//////////////////////////////////,35,35,symbols,none
qwencode,60629,////////////////////////////////////////////////////////////////////////////////////////////////,////////////////////////////////////////////////////////////////////////////////////////////////,96,96,symbols,none
qwencode,60908,////////////////////////////////////////////////////////,////////////////////////////////////////////////////////,56,56,symbols,none
qwencode,60915,#----------------------------------------------------------------------------,#----------------------------------------------------------------------------,77,77,symbols,none
qwencode,61250, |--------------------------------------------------------------------------Ċ,Ġ|--------------------------------------------------------------------------Ċ,77,77,symbols,none
qwencode,61360, ****************************************,Ġ****************************************,41,41,symbols,none
qwencode,61693,********************************************************************************,********************************************************************************,80,80,symbols,none
qwencode,62117,"----------------------------------------------------------------------
",----------------------------------------------------------------------Ċ,71,71,symbols,none
qwencode,62470,.translatesAutoresizingMaskIntoConstraints,.translatesAutoresizingMaskIntoConstraints,42,42,code,none
qwencode,63394,================================================================================,================================================================================,80,80,symbols,none
qwencode,63538, ----------------------------------------------------------------------------Ċ,Ġ----------------------------------------------------------------------------Ċ,78,78,symbols,none
qwencode,64226,//****************************************************************************,//****************************************************************************,78,78,symbols,none
qwencode,64575,////////////////////////////////////////////////////////////,////////////////////////////////////////////////////////////,60,60,symbols,none
qwencode,65080,//************************************************************************,//************************************************************************,74,74,symbols,none
qwencode,65195, ********************************************************,Ġ********************************************************,57,57,symbols,none
qwencode,65271,                                                                                       ,ĠĠĠĠĠĠĠĠĠĠĠĠĠĠĠĠĠĠĠĠĠĠĠĠĠĠĠĠĠĠĠĠĠĠĠĠĠĠĠĠĠĠĠĠĠĠĠĠĠĠĠĠĠĠĠĠĠĠĠĠĠĠĠĠĠĠĠĠĠĠĠĠĠĠĠĠĠĠĠĠĠĠĠĠĠĠĠ,87,87,whitespace,none
qwencode,65648,~~~~~~~~~~~~~~~~~~~~~~~~~~~~~~~~,~~~~~~~~~~~~~~~~~~~~~~~~~~~~~~~~,32,32,symbols,none
qwencode,65900, =================================================================================,Ġ=================================================================================,82,82,symbols,none
qwencode,66004, //------------------------------------------------,Ġ//------------------------------------------------,51,51,symbols,none
qwencode,66159,/********************************************************,/********************************************************,57,57,symbols,none
qwencode,66207, ----------------------------------------------------------------------------------------------------------------,Ġ----------------------------------------------------------------------------------------------------------------,113,113,symbols,none
qwencode,67161, ################################################,Ġ################################################,49,49,symbols,none
qwencode,67549, /*----------------------------------------------------------------,Ġ/*----------------------------------------------------------------,67,67,symbols,none
qwencode,68132,"/*****************************************************************************
",/*****************************************************************************Ċ,79,79,symbols,none
qwencode,69061,######################################################################,########################################################################,72,70,symbols,none
qwencode,70662, ==============================================================,Ġ==============================================================,63,63,symbols,none
qwencode,70988,"/***************************************************************************
",/***************************************************************************Ċ,77,77,symbols,none
qwencode,71508, //////////////////////////////////////////////////////////////////////////,Ġ//////////////////////////////////////////////////////////////////////////,75,75,symbols,none
qwencode,71836, ************************************************,Ġ************************************************,49,49,symbols,none
qwencode,72004,#================================================================,#================================================================,65,65,symbols,none
qwencode,72203,.DataGridViewColumnHeadersHeightSizeMode,.DataGridViewColumnHeadersHeightSizeMode,40,40,code,none
qwencode,72805, dequeueReusableCellWithIdentifier,ĠdequeueReusableCellWithIdentifier,34,34,english,none
qwencode,72961,/****************************************,/****************************************,41,41,symbols,none
qwencode,73062,/*------------------------------------------------,/*------------------------------------------------,50,50,symbols,none
qwencode,73538, //--------------------------------,Ġ//--------------------------------,35,35,symbols,none
qwencode,75510,#----------------------------------------------------------------,#----------------------------------------------------------------,65,65,symbols,none
qwencode,75632,/********************************************************************************,/********************************************************************************,81,81,symbols,none
qwencode,76507,//================================================,//================================================,50,50,symbols,none
qwencode,76550, ********************************************************************************,Ġ********************************************************************************,81,81,symbols,none
qwencode,76737,"///////////////////////////////////////////////////////////////////////////////
",///////////////////////////////////////////////////////////////////////////////Ċ,80,80,symbols,none
qwencode,77149, *----------------------------------------------------------------,Ġ*----------------------------------------------------------------,66,66,symbols,none
qwencode,77993,                                            Ċ,ĠĠĠĠĠĠĠĠĠĠĠĠĠĠĠĠĠĠĠĠĠĠĠĠĠĠĠĠĠĠĠĠĠĠĠĠĠĠĠĠĠĠĠĠĊ,45,45,other,none
qwencode,78346,"(""--------------------------------","(""--------------------------------",34,34,symbols,none
qwencode,78371,/************************************************,/************************************************,49,49,symbols,none
qwencode,78757, ---------------------------------------------------------------------------Ċ,Ġ---------------------------------------------------------------------------Ċ,77,77,symbols,none
qwencode,78938,"//----------------------------------------------------------------------------
",//----------------------------------------------------------------------------Ċ,79,79,symbols,none
qwencode,79083,"































",ĊĊĊĊĊĊĊĊĊĊĊĊĊĊĊĊĊĊĊĊĊĊĊĊĊĊĊĊĊĊĊĊ,32,32,whitespace,none
qwencode,79371, ******************************************************************************/Ċ,Ġ******************************************************************************/Ċ,81,81,symbols,none
qwencode,79403,"*******************************************************************************/
",*******************************************************************************/Ċ,81,81,symbols,none
qwencode,79448,"#############################################################################
",###############################################################################Ċ,80,78,symbols,none
qwencode,79518,%%%%%%%%%%%%%%%%%%%%%%%%%%%%%%%%%%%%%%%%%%%%%%%%%%%%%%%%%%%%%%%%,%%%%%%%%%%%%%%%%%%%%%%%%%%%%%%%%%%%%%%%%%%%%%%%%%%%%%%%%%%%%%%%%,64,64,symbols,none
qwencode,79871,                                                                                           ,ĠĠĠĠĠĠĠĠĠĠĠĠĠĠĠĠĠĠĠĠĠĠĠĠĠĠĠĠĠĠĠĠĠĠĠĠĠĠĠĠĠĠĠĠĠĠĠĠĠĠĠĠĠĠĠĠĠĠĠĠĠĠĠĠĠĠĠĠĠĠĠĠĠĠĠĠĠĠĠĠĠĠĠĠĠĠĠĠĠĠĠ,91,91,whitespace,none
qwencode,80550, -------------------------------------------------------------------------Ċ,Ġ-------------------------------------------------------------------------Ċ,75,75,symbols,none
qwencode,81008, __________________________________,Ġ__________________________________,35,35,other,none
qwencode,81042,"//--------------------------------------------------------------
",//--------------------------------------------------------------Ċ,65,65,symbols,none
qwencode,81221,                                                                              ,ĠĠĠĠĠĠĠĠĠĠĠĠĠĠĠĠĠĠĠĠĠĠĠĠĠĠĠĠĠĠĠĠĠĠĠĠĠĠĠĠĠĠĠĠĠĠĠĠĠĠĠĠĠĠĠĠĠĠĠĠĠĠĠĠĠĠĠĠĠĠĠĠĠĠĠĠĠĠ,78,78,whitespace,none
qwencode,81372, ................................,Ġ................................,33,33,symbols,none
qwencode,82049, =============================================================================Ċ,Ġ=============================================================================Ċ,79,79,symbols,none
qwencode,82578,######################################,########################################,40,38,symbols,none
qwencode,82845,////////////////////////////////////////////////////,////////////////////////////////////////////////////,52,52,symbols,none
qwencode,83894,"/////////////////////////////////////////////////////////////////////////////
",/////////////////////////////////////////////////////////////////////////////Ċ,78,78,symbols,none
qwencode,84999,"/******************************************************************************/
",/******************************************************************************/Ċ,81,81,symbols,none
qwencode,85785, ******************************************************************************Ċ,Ġ******************************************************************************Ċ,80,80,symbols,none
qwencode,85993, //================================================================,Ġ//================================================================,67,67,symbols,none
qwencode,86072, ................................................................,Ġ................................................................,65,65,symbols,none
qwencode,86200, ############################################################################,Ġ############################################################################,77,77,symbols,none
qwencode,86544,/************************************************************************************************,/************************************************************************************************,97,97,symbols,none
qwencode,86632, ------------------------------------------------------------,Ġ------------------------------------------------------------,61,61,symbols,none
qwencode,86766,                                                                                               ,ĠĠĠĠĠĠĠĠĠĠĠĠĠĠĠĠĠĠĠĠĠĠĠĠĠĠĠĠĠĠĠĠĠĠĠĠĠĠĠĠĠĠĠĠĠĠĠĠĠĠĠĠĠĠĠĠĠĠĠĠĠĠĠĠĠĠĠĠĠĠĠĠĠĠĠĠĠĠĠĠĠĠĠĠĠĠĠĠĠĠĠĠĠĠĠ,95,95,whitespace,none
qwencode,87567,"//------------------------------------------------------------------------------

",//------------------------------------------------------------------------------ĊĊ,82,82,symbols,none
qwencode,88155,++++++++++++++++++++++++++++++++,++++++++++++++++++++++++++++++++,32,32,symbols,none
qwencode,88804,                    Ċ                    Ċ,ĠĠĠĠĠĠĠĠĠĠĠĠĠĠĠĠĠĠĠĠĊĠĠĠĠĠĠĠĠĠĠĠĠĠĠĠĠĠĠĠĠĊ,42,42,other,none
qwencode,89180,//----------------------------------------------------------------------------------------------------------------,//----------------------------------------------------------------------------------------------------------------,114,114,symbols,none
qwencode,89318, ============================================================================Ċ,Ġ============================================================================Ċ,78,78,symbols,none
qwencode,89694, ----------------------------------------------------------------------Ċ,Ġ----------------------------------------------------------------------Ċ,72,72,symbols,none
qwencode,90038,######################################################,########################################################,56,54,symbols,none
qwencode,90306,                               Ċ,ĠĠĠĠĠĠĠĠĠĠĠĠĠĠĠĠĠĠĠĠĠĠĠĠĠĠĠĠĠĠĠĊ,32,32,other,none
qwencode,90730,"##############################################################################
",################################################################################Ċ,81,79,symbols,none
qwencode,90915, -------------------------------------------------------------------------,Ġ-------------------------------------------------------------------------,74,74,symbols,none
qwencode,93682, ******************************************************************************/ĊĊ,Ġ******************************************************************************/ĊĊ,82,82,symbols,none
qwencode,93858, ########################################################################,Ġ########################################################################,73,73,symbols,none
qwencode,94303,//================================================================================,//================================================================================,82,82,symbols,none
qwencode,94464,"//---------------------------------------------------------------------------

",//---------------------------------------------------------------------------ĊĊ,79,79,symbols,none
qwencode,94947,                                                Ċ,ĠĠĠĠĠĠĠĠĠĠĠĠĠĠĠĠĠĠĠĠĠĠĠĠĠĠĠĠĠĠĠĠĠĠĠĠĠĠĠĠĠĠĠĠĠĠĠĠĊ,49,49,other,none
qwencode,95180, //////////////////////////////////////////////////////////////////////,Ġ//////////////////////////////////////////////////////////////////////,71,71,symbols,none
qwencode,95429,                                                                                 ,ĠĠĠĠĠĠĠĠĠĠĠĠĠĠĠĠĠĠĠĠĠĠĠĠĠĠĠĠĠĠĠĠĠĠĠĠĠĠĠĠĠĠĠĠĠĠĠĠĠĠĠĠĠĠĠĠĠĠĠĠĠĠĠĠĠĠĠĠĠĠĠĠĠĠĠĠĠĠĠĠĠ,81,81,whitespace,none
qwencode,96581, ------------------------------------------------------------------------Ċ,Ġ------------------------------------------------------------------------Ċ,74,74,symbols,none
qwencode,97005, /************************************************************************,Ġ/************************************************************************,74,74,symbols,none
qwencode,97417,                                                                                ,ĠĠĠĠĠĠĠĠĠĠĠĠĠĠĠĠĠĠĠĠĠĠĠĠĠĠĠĠĠĠĠĠĠĠĠĠĠĠĠĠĠĠĠĠĠĠĠĠĠĠĠĠĠĠĠĠĠĠĠĠĠĠĠĠĠĠĠĠĠĠĠĠĠĠĠĠĠĠĠĠ,80,80,whitespace,none
qwencode,97844,##########################################################,############################################################,60,58,symbols,none
qwencode,97942, --------------------------------------------------------------------------Ċ,Ġ--------------------------------------------------------------------------Ċ,76,76,symbols,none
qwencode,98320,"////////////////////////////////////////////////////////////////////////////////

",////////////////////////////////////////////////////////////////////////////////ĊĊ,82,82,symbols,none
qwencode,98474,------------------------------------------------------------------------------------------------,------------------------------------------------------------------------------------------------,96,96,symbols,none
qwencode,98989, /****************************************************************,Ġ/****************************************************************,66,66,symbols,none
qwencode,128203,ประสิทธิภาพ,à¸Ľà¸£à¸°à¸ªà¸´à¸Ĺà¸ĺà¸´à¸łà¸²à¸ŀ,33,11,multilingual,Thai
qwencode,132742,เจ้าหน้าที่,à¹Ģà¸Īà¹īà¸²à¸«à¸Ļà¹īà¸²à¸Ĺà¸µà¹Ī,33,11,multilingual,Thai
qwencode,133149,มหาวิทยาลัย,à¸¡à¸«à¸²à¸§à¸´à¸Ĺà¸¢à¸²à¸¥à¸±à¸¢,33,11,multilingual,Thai
qwencode,135288,เปลี่ยนแปลง,à¹Ģà¸Ľà¸¥à¸µà¹Īà¸¢à¸Ļà¹ģà¸Ľà¸¥à¸ĩ,33,11,multilingual,Thai
qwencode,135314,ที่เกี่ยวข้อง,à¸Ĺà¸µà¹Īà¹Ģà¸ģà¸µà¹Īà¸¢à¸§à¸Ĥà¹īà¸Ńà¸ĩ,39,13,multilingual,Thai
qwencode,136150,ความคิดเห็น,à¸Ħà¸§à¸²à¸¡à¸Ħà¸´à¸Ķà¹Ģà¸«à¹ĩà¸Ļ,33,11,multilingual,Thai
qwencode,137405,สมัครสมาชิก,à¸ªà¸¡à¸±à¸Ħà¸£à¸ªà¸¡à¸²à¸Ĭà¸´à¸ģ,33,11,multilingual,Thai
qwencode,137472,ที่ดีที่สุด,à¸Ĺà¸µà¹Īà¸Ķà¸µà¸Ĺà¸µà¹Īà¸ªà¸¸à¸Ķ,33,11,multilingual,Thai
qwencode,137755,คอมพิวเตอร์,à¸Ħà¸Ńà¸¡à¸ŀà¸´à¸§à¹Ģà¸ķà¸Ńà¸£à¹Į,33,11,multilingual,Thai
qwencode,138170,เมื่อวันที่,à¹Ģà¸¡à¸·à¹Īà¸Ńà¸§à¸±à¸Ļà¸Ĺà¸µà¹Ī,33,11,multilingual,Thai
qwencode,138193,ความปลอดภัย,à¸Ħà¸§à¸²à¸¡à¸Ľà¸¥à¸Ńà¸Ķà¸łà¸±à¸¢,33,11,multilingual,Thai
qwencode,139995,ありがとうございました,ãģĤãĤĬãģĮãģ¨ãģĨãģĶãģĸãģĦãģ¾ãģĹãģŁ,33,11,east_asian,Japanese Hiragana
qwencode,140378,นักท่องเที่ยว,à¸Ļà¸±à¸ģà¸Ĺà¹Īà¸Ńà¸ĩà¹Ģà¸Ĺà¸µà¹Īà¸¢à¸§,39,13,multilingual,Thai
qwencode,140783,วิทยาศาสตร์,à¸§à¸´à¸Ĺà¸¢à¸²à¸¨à¸²à¸ªà¸ķà¸£à¹Į,33,11,multilingual,Thai
qwencode,141989,พรีเมียร์ลีก,à¸ŀà¸£à¸µà¹Ģà¸¡à¸µà¸¢à¸£à¹Įà¸¥à¸µà¸ģ,36,12,multilingual,Thai
qwencode,142062, à¸Ńà¸¢à¹Īà¸²à¸ĩà¹Ħà¸£à¸ģà¹ĩà¸ķà¸²à¸¡,Ġà¸Ńà¸¢à¹Īà¸²à¸ĩà¹Ħà¸£à¸ģà¹ĩà¸ķà¸²à¸¡,37,37,numeric,none
qwencode,142437,ประวัติศาสตร์,à¸Ľà¸£à¸°à¸§à¸±à¸ķà¸´à¸¨à¸²à¸ªà¸ķà¸£à¹Į,39,13,multilingual,Thai
qwencode,142465,ประชาสัมพันธ์,à¸Ľà¸£à¸°à¸Ĭà¸²à¸ªà¸±à¸¡à¸ŀà¸±à¸Ļà¸ĺà¹Į,39,13,multilingual,Thai
qwencode,142814,อย่างรวดเร็ว,à¸Ńà¸¢à¹Īà¸²à¸ĩà¸£à¸§à¸Ķà¹Ģà¸£à¹ĩà¸§,36,12,multilingual,Thai
qwencode,142828,ออกกำลังกาย,à¸Ńà¸Ńà¸ģà¸ģà¸³à¸¥à¸±à¸ĩà¸ģà¸²à¸¢,33,11,multilingual,Thai
qwencode,142957,อย่างต่อเนื่อง,à¸Ńà¸¢à¹Īà¸²à¸ĩà¸ķà¹Īà¸Ńà¹Ģà¸Ļà¸·à¹Īà¸Ńà¸ĩ,42,14,multilingual,Thai
qwencode,142999,มีประสิทธิภาพ,à¸¡à¸µà¸Ľà¸£à¸°à¸ªà¸´à¸Ĺà¸ĺà¸´à¸łà¸²à¸ŀ,39,13,multilingual,Thai
qwencode,143121,ก่อนหน้านี้,à¸ģà¹Īà¸Ńà¸Ļà¸«à¸Ļà¹īà¸²à¸Ļà¸µà¹ī,33,11,multilingual,Thai
qwencode,143168,เครื่องดื่ม,à¹Ģà¸Ħà¸£à¸·à¹Īà¸Ńà¸ĩà¸Ķà¸·à¹Īà¸¡,33,11,multilingual,Thai
qwencode,143257,คาสิโนออนไลน์,à¸Ħà¸²à¸ªà¸´à¹Ĥà¸Ļà¸Ńà¸Ńà¸Ļà¹Ħà¸¥à¸Ļà¹Į,39,13,multilingual,Thai
qwencode,143370,สิ่งแวดล้อม,à¸ªà¸´à¹Īà¸ĩà¹ģà¸§à¸Ķà¸¥à¹īà¸Ńà¸¡,33,11,multilingual,Thai
qwencode,143915,ทำความสะอาด,à¸Ĺà¸³à¸Ħà¸§à¸²à¸¡à¸ªà¸°à¸Ńà¸²à¸Ķ,33,11,multilingual,Thai
qwencode,143942,อำนวยความสะดวก,à¸Ńà¸³à¸Ļà¸§à¸¢à¸Ħà¸§à¸²à¸¡à¸ªà¸°à¸Ķà¸§à¸ģ,42,14,multilingual,Thai
qwen,786,                                ,ĠĠĠĠĠĠĠĠĠĠĠĠĠĠĠĠĠĠĠĠĠĠĠĠĠĠĠĠĠĠĠĠ,32,32,whitespace,none
qwen,1408,--------------------------------,--------------------------------,32,32,symbols,none
qwen,1689,********************************,********************************,32,32,symbols,none
qwen,1920,                                   ,ĠĠĠĠĠĠĠĠĠĠĠĠĠĠĠĠĠĠĠĠĠĠĠĠĠĠĠĠĠĠĠĠĠĠĠ,35,35,whitespace,none
qwen,2559,                                       ,ĠĠĠĠĠĠĠĠĠĠĠĠĠĠĠĠĠĠĠĠĠĠĠĠĠĠĠĠĠĠĠĠĠĠĠĠĠĠĠ,39,39,whitespace,none
qwen,3058,================================,================================,32,32,symbols,none
qwen,3344,                                           ,ĠĠĠĠĠĠĠĠĠĠĠĠĠĠĠĠĠĠĠĠĠĠĠĠĠĠĠĠĠĠĠĠĠĠĠĠĠĠĠĠĠĠĠ,43,43,whitespace,none
qwen,3513,----------------------------------------------------------------,----------------------------------------------------------------,64,64,symbols,none
qwen,3898,////////////////////////////////,////////////////////////////////,32,32,symbols,none
qwen,4077,****************************************************************,****************************************************************,64,64,symbols,none
qwen,4569,                                               ,ĠĠĠĠĠĠĠĠĠĠĠĠĠĠĠĠĠĠĠĠĠĠĠĠĠĠĠĠĠĠĠĠĠĠĠĠĠĠĠĠĠĠĠĠĠĠĠ,47,47,whitespace,none
qwen,5026,##############################,################################,32,30,symbols,none
qwen,5238,                                                                ,ĠĠĠĠĠĠĠĠĠĠĠĠĠĠĠĠĠĠĠĠĠĠĠĠĠĠĠĠĠĠĠĠĠĠĠĠĠĠĠĠĠĠĠĠĠĠĠĠĠĠĠĠĠĠĠĠĠĠĠĠĠĠĠĠ,64,64,whitespace,none
qwen,5596,************************************************************************,************************************************************************,72,72,symbols,none
qwen,6374,                                                   ,ĠĠĠĠĠĠĠĠĠĠĠĠĠĠĠĠĠĠĠĠĠĠĠĠĠĠĠĠĠĠĠĠĠĠĠĠĠĠĠĠĠĠĠĠĠĠĠĠĠĠĠ,51,51,whitespace,none
qwen,6656,                                 ,ĠĠĠĠĠĠĠĠĠĠĠĠĠĠĠĠĠĠĠĠĠĠĠĠĠĠĠĠĠĠĠĠĠ,33,33,whitespace,none
qwen,8136,                                                       ,ĠĠĠĠĠĠĠĠĠĠĠĠĠĠĠĠĠĠĠĠĠĠĠĠĠĠĠĠĠĠĠĠĠĠĠĠĠĠĠĠĠĠĠĠĠĠĠĠĠĠĠĠĠĠĠ,55,55,whitespace,none
qwen,8152,================================================================,================================================================,64,64,symbols,none
qwen,8333,                                     ,ĠĠĠĠĠĠĠĠĠĠĠĠĠĠĠĠĠĠĠĠĠĠĠĠĠĠĠĠĠĠĠĠĠĠĠĠĠ,37,37,whitespace,none
qwen,8466, ----------------------------------------------------------------,Ġ----------------------------------------------------------------,65,65,symbols,none
qwen,9229,------------------------------------------------,------------------------------------------------,48,48,symbols,none
qwen,9699,                                  ,ĠĠĠĠĠĠĠĠĠĠĠĠĠĠĠĠĠĠĠĠĠĠĠĠĠĠĠĠĠĠĠĠĠĠ,34,34,whitespace,none
qwen,9822,////////////////////////////////////////////////////////////////,////////////////////////////////////////////////////////////////,64,64,symbols,none
qwen,9888,//----------------------------------------------------------------,//----------------------------------------------------------------,66,66,symbols,none
qwen,10503,                                         ,ĠĠĠĠĠĠĠĠĠĠĠĠĠĠĠĠĠĠĠĠĠĠĠĠĠĠĠĠĠĠĠĠĠĠĠĠĠĠĠĠĠ,41,41,whitespace,none
qwen,10534, ************************************************************************,Ġ************************************************************************,73,73,symbols,none
qwen,10589,                                    ,ĠĠĠĠĠĠĠĠĠĠĠĠĠĠĠĠĠĠĠĠĠĠĠĠĠĠĠĠĠĠĠĠĠĠĠĠ,36,36,whitespace,none
qwen,11070,                                      ,ĠĠĠĠĠĠĠĠĠĠĠĠĠĠĠĠĠĠĠĠĠĠĠĠĠĠĠĠĠĠĠĠĠĠĠĠĠĠ,38,38,whitespace,none
qwen,11370,/************************************************************************,/************************************************************************,73,73,symbols,none
qwen,11950,                                                           ,ĠĠĠĠĠĠĠĠĠĠĠĠĠĠĠĠĠĠĠĠĠĠĠĠĠĠĠĠĠĠĠĠĠĠĠĠĠĠĠĠĠĠĠĠĠĠĠĠĠĠĠĠĠĠĠĠĠĠĠ,59,59,whitespace,none
qwen,12841,                                        ,ĠĠĠĠĠĠĠĠĠĠĠĠĠĠĠĠĠĠĠĠĠĠĠĠĠĠĠĠĠĠĠĠĠĠĠĠĠĠĠĠ,40,40,whitespace,none
qwen,13067,##############################################################,################################################################,64,62,symbols,none
qwen,13463,                                             ,ĠĠĠĠĠĠĠĠĠĠĠĠĠĠĠĠĠĠĠĠĠĠĠĠĠĠĠĠĠĠĠĠĠĠĠĠĠĠĠĠĠĠĠĠĠ,45,45,whitespace,none
qwen,14265,                                          ,ĠĠĠĠĠĠĠĠĠĠĠĠĠĠĠĠĠĠĠĠĠĠĠĠĠĠĠĠĠĠĠĠĠĠĠĠĠĠĠĠĠĠ,42,42,whitespace,none
qwen,14642,                                                                           ,ĠĠĠĠĠĠĠĠĠĠĠĠĠĠĠĠĠĠĠĠĠĠĠĠĠĠĠĠĠĠĠĠĠĠĠĠĠĠĠĠĠĠĠĠĠĠĠĠĠĠĠĠĠĠĠĠĠĠĠĠĠĠĠĠĠĠĠĠĠĠĠĠĠĠĠ,75,75,whitespace,none
qwen,15270,                                                               ,ĠĠĠĠĠĠĠĠĠĠĠĠĠĠĠĠĠĠĠĠĠĠĠĠĠĠĠĠĠĠĠĠĠĠĠĠĠĠĠĠĠĠĠĠĠĠĠĠĠĠĠĠĠĠĠĠĠĠĠĠĠĠĠ,63,63,whitespace,none
qwen,15429,                                            ,ĠĠĠĠĠĠĠĠĠĠĠĠĠĠĠĠĠĠĠĠĠĠĠĠĠĠĠĠĠĠĠĠĠĠĠĠĠĠĠĠĠĠĠĠ,44,44,whitespace,none
qwen,16168, =================================================================,Ġ=================================================================,66,66,symbols,none
qwen,16562,................................,................................,32,32,symbols,none
qwen,17264,                                              ,ĠĠĠĠĠĠĠĠĠĠĠĠĠĠĠĠĠĠĠĠĠĠĠĠĠĠĠĠĠĠĠĠĠĠĠĠĠĠĠĠĠĠĠĠĠĠ,46,46,whitespace,none
qwen,17466,________________________________,________________________________,32,32,other,none
qwen,17535, **************************************************************************,Ġ**************************************************************************,75,75,symbols,none
qwen,17648,                                                 ,ĠĠĠĠĠĠĠĠĠĠĠĠĠĠĠĠĠĠĠĠĠĠĠĠĠĠĠĠĠĠĠĠĠĠĠĠĠĠĠĠĠĠĠĠĠĠĠĠĠ,49,49,whitespace,none
qwen,18012,//----------------------------------------------------------------------------,//----------------------------------------------------------------------------,78,78,symbols,none
qwen,18036, ------------------------------------------------,Ġ------------------------------------------------,49,49,symbols,none
qwen,18749,                                                ,ĠĠĠĠĠĠĠĠĠĠĠĠĠĠĠĠĠĠĠĠĠĠĠĠĠĠĠĠĠĠĠĠĠĠĠĠĠĠĠĠĠĠĠĠĠĠĠĠ,48,48,whitespace,none
qwen,18782,================================================,================================================,48,48,symbols,none
qwen,19273,                                                                   ,ĠĠĠĠĠĠĠĠĠĠĠĠĠĠĠĠĠĠĠĠĠĠĠĠĠĠĠĠĠĠĠĠĠĠĠĠĠĠĠĠĠĠĠĠĠĠĠĠĠĠĠĠĠĠĠĠĠĠĠĠĠĠĠĠĠĠĠ,67,67,whitespace,none
qwen,19728, --------------------------------,Ġ--------------------------------,33,33,symbols,none
qwen,20159,/****************************************************************,/****************************************************************,65,65,symbols,none
qwen,20974,                                                     ,ĠĠĠĠĠĠĠĠĠĠĠĠĠĠĠĠĠĠĠĠĠĠĠĠĠĠĠĠĠĠĠĠĠĠĠĠĠĠĠĠĠĠĠĠĠĠĠĠĠĠĠĠĠ,53,53,whitespace,none
qwen,21509,                                                  ,ĠĠĠĠĠĠĠĠĠĠĠĠĠĠĠĠĠĠĠĠĠĠĠĠĠĠĠĠĠĠĠĠĠĠĠĠĠĠĠĠĠĠĠĠĠĠĠĠĠĠ,50,50,whitespace,none
qwen,22292, ****************************************************************,Ġ****************************************************************,65,65,symbols,none
qwen,22335,                                                                       ,ĠĠĠĠĠĠĠĠĠĠĠĠĠĠĠĠĠĠĠĠĠĠĠĠĠĠĠĠĠĠĠĠĠĠĠĠĠĠĠĠĠĠĠĠĠĠĠĠĠĠĠĠĠĠĠĠĠĠĠĠĠĠĠĠĠĠĠĠĠĠĠ,71,71,whitespace,none
qwen,22349,----------------------------------------------------------------------------,----------------------------------------------------------------------------,76,76,symbols,none
qwen,22565,/****************************************************************************,/****************************************************************************,77,77,symbols,none
qwen,22958, ********************************,Ġ********************************,33,33,symbols,none
qwen,23161,//================================================================,//================================================================,66,66,symbols,none
qwen,23852, ----------------------------------------------------------------------------,Ġ----------------------------------------------------------------------------,77,77,symbols,none
qwen,24348,                                                    ,ĠĠĠĠĠĠĠĠĠĠĠĠĠĠĠĠĠĠĠĠĠĠĠĠĠĠĠĠĠĠĠĠĠĠĠĠĠĠĠĠĠĠĠĠĠĠĠĠĠĠĠĠ,52,52,whitespace,none
qwen,25275,/********************************,/********************************,33,33,symbols,none
qwen,25773,                                                      ,ĠĠĠĠĠĠĠĠĠĠĠĠĠĠĠĠĠĠĠĠĠĠĠĠĠĠĠĠĠĠĠĠĠĠĠĠĠĠĠĠĠĠĠĠĠĠĠĠĠĠĠĠĠĠ,54,54,whitespace,none
qwen,25885,"--------------------------------------------------------------------------
",--------------------------------------------------------------------------Ċ,75,75,symbols,none
qwen,26065,                                                         ,ĠĠĠĠĠĠĠĠĠĠĠĠĠĠĠĠĠĠĠĠĠĠĠĠĠĠĠĠĠĠĠĠĠĠĠĠĠĠĠĠĠĠĠĠĠĠĠĠĠĠĠĠĠĠĠĠĠ,57,57,whitespace,none
qwen,27183,////////////////////////////////////////////////////////////////////////////,////////////////////////////////////////////////////////////////////////////,76,76,symbols,none
qwen,27405,////////////////////////////////////////////////,////////////////////////////////////////////////,48,48,symbols,none
qwen,28226,////////////////////////////////////////////////////////////////////////////////,////////////////////////////////////////////////////////////////////////////////,80,80,symbols,none
qwen,28585, =================================================,Ġ=================================================,50,50,symbols,none
qwen,28644, ****************************************************************************,Ġ****************************************************************************,77,77,symbols,none
qwen,28802,                                                        ,ĠĠĠĠĠĠĠĠĠĠĠĠĠĠĠĠĠĠĠĠĠĠĠĠĠĠĠĠĠĠĠĠĠĠĠĠĠĠĠĠĠĠĠĠĠĠĠĠĠĠĠĠĠĠĠĠ,56,56,whitespace,none
qwen,29854,##############################################,################################################,48,46,symbols,none
qwen,29865,/*----------------------------------------------------------------,/*----------------------------------------------------------------,66,66,symbols,none
qwen,30889,//------------------------------------------------,//------------------------------------------------,50,50,symbols,none
qwen,31979,                                                             ,ĠĠĠĠĠĠĠĠĠĠĠĠĠĠĠĠĠĠĠĠĠĠĠĠĠĠĠĠĠĠĠĠĠĠĠĠĠĠĠĠĠĠĠĠĠĠĠĠĠĠĠĠĠĠĠĠĠĠĠĠĠ,61,61,whitespace,none
qwen,32041,##########################################################################,############################################################################,76,74,symbols,none
qwen,32678,                                                          ,ĠĠĠĠĠĠĠĠĠĠĠĠĠĠĠĠĠĠĠĠĠĠĠĠĠĠĠĠĠĠĠĠĠĠĠĠĠĠĠĠĠĠĠĠĠĠĠĠĠĠĠĠĠĠĠĠĠĠ,58,58,whitespace,none
qwen,33009,%%%%%%%%%%%%%%%%%%%%%%%%%%%%%%%%,%%%%%%%%%%%%%%%%%%%%%%%%%%%%%%%%,32,32,symbols,none
qwen,33518,****************************************************************************,****************************************************************************,76,76,symbols,none
qwen,33641,                                Ċ,ĠĠĠĠĠĠĠĠĠĠĠĠĠĠĠĠĠĠĠĠĠĠĠĠĠĠĠĠĠĠĠĠĊ,33,33,other,none
qwen,35109,////////////////////////////////////////////////////////////////////////,////////////////////////////////////////////////////////////////////////,72,72,symbols,none
qwen,35619, //----------------------------------------------------------------,Ġ//----------------------------------------------------------------,67,67,symbols,none
qwen,35774, =================================,Ġ=================================,34,34,symbols,none
qwen,36713,"/*******************************************************************************
",/*******************************************************************************Ċ,81,81,symbols,none
qwen,37083,                                                              ,ĠĠĠĠĠĠĠĠĠĠĠĠĠĠĠĠĠĠĠĠĠĠĠĠĠĠĠĠĠĠĠĠĠĠĠĠĠĠĠĠĠĠĠĠĠĠĠĠĠĠĠĠĠĠĠĠĠĠĠĠĠĠ,62,62,whitespace,none
qwen,37144,                                                                        ,ĠĠĠĠĠĠĠĠĠĠĠĠĠĠĠĠĠĠĠĠĠĠĠĠĠĠĠĠĠĠĠĠĠĠĠĠĠĠĠĠĠĠĠĠĠĠĠĠĠĠĠĠĠĠĠĠĠĠĠĠĠĠĠĠĠĠĠĠĠĠĠĠ,72,72,whitespace,none
qwen,38171,                                                                 ,ĠĠĠĠĠĠĠĠĠĠĠĠĠĠĠĠĠĠĠĠĠĠĠĠĠĠĠĠĠĠĠĠĠĠĠĠĠĠĠĠĠĠĠĠĠĠĠĠĠĠĠĠĠĠĠĠĠĠĠĠĠĠĠĠĠ,65,65,whitespace,none
qwen,38368, =========================================================================,Ġ=========================================================================,74,74,symbols,none
qwen,38484,                                                            ,ĠĠĠĠĠĠĠĠĠĠĠĠĠĠĠĠĠĠĠĠĠĠĠĠĠĠĠĠĠĠĠĠĠĠĠĠĠĠĠĠĠĠĠĠĠĠĠĠĠĠĠĠĠĠĠĠĠĠĠĠ,60,60,whitespace,none
qwen,39373, --------------------------------------------------------------------------------,Ġ--------------------------------------------------------------------------------,81,81,symbols,none
qwen,39484,                                                                               ,ĠĠĠĠĠĠĠĠĠĠĠĠĠĠĠĠĠĠĠĠĠĠĠĠĠĠĠĠĠĠĠĠĠĠĠĠĠĠĠĠĠĠĠĠĠĠĠĠĠĠĠĠĠĠĠĠĠĠĠĠĠĠĠĠĠĠĠĠĠĠĠĠĠĠĠĠĠĠĠ,79,79,whitespace,none
qwen,40072,****************************************,****************************************,40,40,symbols,none
qwen,40486,##############################################################################,################################################################################,80,78,symbols,none
qwen,41056,                                                                          ,ĠĠĠĠĠĠĠĠĠĠĠĠĠĠĠĠĠĠĠĠĠĠĠĠĠĠĠĠĠĠĠĠĠĠĠĠĠĠĠĠĠĠĠĠĠĠĠĠĠĠĠĠĠĠĠĠĠĠĠĠĠĠĠĠĠĠĠĠĠĠĠĠĠĠ,74,74,whitespace,none
qwen,42080,"|--------------------------------------------------------------------------
",|--------------------------------------------------------------------------Ċ,76,76,symbols,none
qwen,42269,................................................................,................................................................,64,64,symbols,none
qwen,42708,                                                                     ,ĠĠĠĠĠĠĠĠĠĠĠĠĠĠĠĠĠĠĠĠĠĠĠĠĠĠĠĠĠĠĠĠĠĠĠĠĠĠĠĠĠĠĠĠĠĠĠĠĠĠĠĠĠĠĠĠĠĠĠĠĠĠĠĠĠĠĠĠĠ,69,69,whitespace,none
qwen,43200,////////////////////////////////////////////////////////////////////,////////////////////////////////////////////////////////////////////,68,68,symbols,none
qwen,43449,--------------------------------------------------------------------------------,--------------------------------------------------------------------------------,80,80,symbols,none
qwen,44142,"//-----------------------------------------------------------------------------
",//-----------------------------------------------------------------------------Ċ,80,80,symbols,none
qwen,44438,/*================================================================,/*================================================================,66,66,symbols,none
qwen,45807,                                    Ċ,ĠĠĠĠĠĠĠĠĠĠĠĠĠĠĠĠĠĠĠĠĠĠĠĠĠĠĠĠĠĠĠĠĠĠĠĠĊ,37,37,other,none
qwen,45814,"//------------------------------------------------------------------------------
",//------------------------------------------------------------------------------Ċ,81,81,symbols,none
qwen,46145,                                                                         ,ĠĠĠĠĠĠĠĠĠĠĠĠĠĠĠĠĠĠĠĠĠĠĠĠĠĠĠĠĠĠĠĠĠĠĠĠĠĠĠĠĠĠĠĠĠĠĠĠĠĠĠĠĠĠĠĠĠĠĠĠĠĠĠĠĠĠĠĠĠĠĠĠĠ,73,73,whitespace,none
qwen,46576,************************************************,************************************************,48,48,symbols,none
qwen,46771,                                                                      ,ĠĠĠĠĠĠĠĠĠĠĠĠĠĠĠĠĠĠĠĠĠĠĠĠĠĠĠĠĠĠĠĠĠĠĠĠĠĠĠĠĠĠĠĠĠĠĠĠĠĠĠĠĠĠĠĠĠĠĠĠĠĠĠĠĠĠĠĠĠĠ,70,70,whitespace,none
qwen,46932,________________________________________________________________,________________________________________________________________,64,64,other,none
qwen,47549,                                                                  ,ĠĠĠĠĠĠĠĠĠĠĠĠĠĠĠĠĠĠĠĠĠĠĠĠĠĠĠĠĠĠĠĠĠĠĠĠĠĠĠĠĠĠĠĠĠĠĠĠĠĠĠĠĠĠĠĠĠĠĠĠĠĠĠĠĠĠ,66,66,whitespace,none
qwen,48256,//--------------------------------,//--------------------------------,34,34,symbols,none
qwen,48497, ################################################################,Ġ################################################################,65,65,symbols,none
qwen,50561,//--------------------------------------------------------------------------------,//--------------------------------------------------------------------------------,82,82,symbols,none
qwen,51068,                                                                    ,ĠĠĠĠĠĠĠĠĠĠĠĠĠĠĠĠĠĠĠĠĠĠĠĠĠĠĠĠĠĠĠĠĠĠĠĠĠĠĠĠĠĠĠĠĠĠĠĠĠĠĠĠĠĠĠĠĠĠĠĠĠĠĠĠĠĠĠĠ,68,68,whitespace,none
qwen,51475,                                                                                   ,ĠĠĠĠĠĠĠĠĠĠĠĠĠĠĠĠĠĠĠĠĠĠĠĠĠĠĠĠĠĠĠĠĠĠĠĠĠĠĠĠĠĠĠĠĠĠĠĠĠĠĠĠĠĠĠĠĠĠĠĠĠĠĠĠĠĠĠĠĠĠĠĠĠĠĠĠĠĠĠĠĠĠĠ,83,83,whitespace,none
qwen,51814, -----------------------------------------------------------------------------Ċ,Ġ-----------------------------------------------------------------------------Ċ,79,79,symbols,none
qwen,53147,********************************************************,********************************************************,56,56,symbols,none
qwen,53196,"/******************************************************************************
",/******************************************************************************Ċ,80,80,symbols,none
qwen,53264,----------------------------------------------------------------------,----------------------------------------------------------------------,70,70,symbols,none
qwen,54301, ################################,Ġ################################,33,33,symbols,none
qwen,55263,//****************************************************************,//****************************************************************,66,66,symbols,none
qwen,55799,                                                                            ,ĠĠĠĠĠĠĠĠĠĠĠĠĠĠĠĠĠĠĠĠĠĠĠĠĠĠĠĠĠĠĠĠĠĠĠĠĠĠĠĠĠĠĠĠĠĠĠĠĠĠĠĠĠĠĠĠĠĠĠĠĠĠĠĠĠĠĠĠĠĠĠĠĠĠĠĠ,76,76,whitespace,none
qwen,56342,//------------------------------------------------------------------------------------------------,//------------------------------------------------------------------------------------------------,98,98,symbols,none
qwen,56596,                                        Ċ,ĠĠĠĠĠĠĠĠĠĠĠĠĠĠĠĠĠĠĠĠĠĠĠĠĠĠĠĠĠĠĠĠĠĠĠĠĠĠĠĠĊ,41,41,other,none
qwen,56940,                                                                                                                                ,ĠĠĠĠĠĠĠĠĠĠĠĠĠĠĠĠĠĠĠĠĠĠĠĠĠĠĠĠĠĠĠĠĠĠĠĠĠĠĠĠĠĠĠĠĠĠĠĠĠĠĠĠĠĠĠĠĠĠĠĠĠĠĠĠĠĠĠĠĠĠĠĠĠĠĠĠĠĠĠĠĠĠĠĠĠĠĠĠĠĠĠĠĠĠĠĠĠĠĠĠĠĠĠĠĠĠĠĠĠĠĠĠĠĠĠĠĠĠĠĠĠĠĠĠĠĠĠĠ,128,128,whitespace,none
qwen,57307,"//---------------------------------------------------------------------------
",//---------------------------------------------------------------------------Ċ,78,78,symbols,none
qwen,57906,/*----------------------------------------------------------------------------,/*----------------------------------------------------------------------------,78,78,symbols,none
qwen,58007,"/****************************************************************************
",/****************************************************************************Ċ,78,78,symbols,none
qwen,58591,                                                                             ,ĠĠĠĠĠĠĠĠĠĠĠĠĠĠĠĠĠĠĠĠĠĠĠĠĠĠĠĠĠĠĠĠĠĠĠĠĠĠĠĠĠĠĠĠĠĠĠĠĠĠĠĠĠĠĠĠĠĠĠĠĠĠĠĠĠĠĠĠĠĠĠĠĠĠĠĠĠ,77,77,whitespace,none
qwen,58869,"////////////////////////////////////////////////////////////////////////////////
",////////////////////////////////////////////////////////////////////////////////Ċ,81,81,symbols,none
qwen,59649,                Ċ                Ċ,ĠĠĠĠĠĠĠĠĠĠĠĠĠĠĠĠĊĠĠĠĠĠĠĠĠĠĠĠĠĠĠĠĠĊ,34,34,other,none
qwen,59809, ------------------------------------------------------------------------------------------------,Ġ------------------------------------------------------------------------------------------------,97,97,symbols,none
qwen,60107,latesAutoresizingMaskIntoConstraints,latesAutoresizingMaskIntoConstraints,36,36,english,none
qwen,60211,————————————————,âĢĶâĢĶâĢĶâĢĶâĢĶâĢĶâĢĶâĢĶâĢĶâĢĶâĢĶâĢĶâĢĶâĢĶâĢĶâĢĶ,48,16,other,none
qwen,60609, //////////////////////////////////,Ġ//////////////////////////////////,35,35,symbols,none
qwen,60629,////////////////////////////////////////////////////////////////////////////////////////////////,////////////////////////////////////////////////////////////////////////////////////////////////,96,96,symbols,none
qwen,60908,////////////////////////////////////////////////////////,////////////////////////////////////////////////////////,56,56,symbols,none
qwen,60915,#----------------------------------------------------------------------------,#----------------------------------------------------------------------------,77,77,symbols,none
qwen,61250, |--------------------------------------------------------------------------Ċ,Ġ|--------------------------------------------------------------------------Ċ,77,77,symbols,none
qwen,61360, ****************************************,Ġ****************************************,41,41,symbols,none
qwen,61693,********************************************************************************,********************************************************************************,80,80,symbols,none
qwen,62117,"----------------------------------------------------------------------
",----------------------------------------------------------------------Ċ,71,71,symbols,none
qwen,62470,.translatesAutoresizingMaskIntoConstraints,.translatesAutoresizingMaskIntoConstraints,42,42,code,none
qwen,63394,================================================================================,================================================================================,80,80,symbols,none
qwen,63538, ----------------------------------------------------------------------------Ċ,Ġ----------------------------------------------------------------------------Ċ,78,78,symbols,none
qwen,64226,//****************************************************************************,//****************************************************************************,78,78,symbols,none
qwen,64575,////////////////////////////////////////////////////////////,////////////////////////////////////////////////////////////,60,60,symbols,none
qwen,65080,//************************************************************************,//************************************************************************,74,74,symbols,none
qwen,65195, ********************************************************,Ġ********************************************************,57,57,symbols,none
qwen,65271,                                                                                       ,ĠĠĠĠĠĠĠĠĠĠĠĠĠĠĠĠĠĠĠĠĠĠĠĠĠĠĠĠĠĠĠĠĠĠĠĠĠĠĠĠĠĠĠĠĠĠĠĠĠĠĠĠĠĠĠĠĠĠĠĠĠĠĠĠĠĠĠĠĠĠĠĠĠĠĠĠĠĠĠĠĠĠĠĠĠĠĠ,87,87,whitespace,none
qwen,65648,~~~~~~~~~~~~~~~~~~~~~~~~~~~~~~~~,~~~~~~~~~~~~~~~~~~~~~~~~~~~~~~~~,32,32,symbols,none
qwen,65900, =================================================================================,Ġ=================================================================================,82,82,symbols,none
qwen,66004, //------------------------------------------------,Ġ//------------------------------------------------,51,51,symbols,none
qwen,66159,/********************************************************,/********************************************************,57,57,symbols,none
qwen,66207, ----------------------------------------------------------------------------------------------------------------,Ġ----------------------------------------------------------------------------------------------------------------,113,113,symbols,none
qwen,67161, ################################################,Ġ################################################,49,49,symbols,none
qwen,67549, /*----------------------------------------------------------------,Ġ/*----------------------------------------------------------------,67,67,symbols,none
qwen,68132,"/*****************************************************************************
",/*****************************************************************************Ċ,79,79,symbols,none
qwen,69061,######################################################################,########################################################################,72,70,symbols,none
qwen,70662, ==============================================================,Ġ==============================================================,63,63,symbols,none
qwen,70988,"/***************************************************************************
",/***************************************************************************Ċ,77,77,symbols,none
qwen,71508, //////////////////////////////////////////////////////////////////////////,Ġ//////////////////////////////////////////////////////////////////////////,75,75,symbols,none
qwen,71836, ************************************************,Ġ************************************************,49,49,symbols,none
qwen,72004,#================================================================,#================================================================,65,65,symbols,none
qwen,72203,.DataGridViewColumnHeadersHeightSizeMode,.DataGridViewColumnHeadersHeightSizeMode,40,40,code,none
qwen,72805, dequeueReusableCellWithIdentifier,ĠdequeueReusableCellWithIdentifier,34,34,english,none
qwen,72961,/****************************************,/****************************************,41,41,symbols,none
qwen,73062,/*------------------------------------------------,/*------------------------------------------------,50,50,symbols,none
qwen,73538, //--------------------------------,Ġ//--------------------------------,35,35,symbols,none
qwen,75510,#----------------------------------------------------------------,#----------------------------------------------------------------,65,65,symbols,none
qwen,75632,/********************************************************************************,/********************************************************************************,81,81,symbols,none
qwen,76507,//================================================,//================================================,50,50,symbols,none
qwen,76550, ********************************************************************************,Ġ********************************************************************************,81,81,symbols,none
qwen,76737,"///////////////////////////////////////////////////////////////////////////////
",///////////////////////////////////////////////////////////////////////////////Ċ,80,80,symbols,none
qwen,77149, *----------------------------------------------------------------,Ġ*----------------------------------------------------------------,66,66,symbols,none
qwen,77993,                                            Ċ,ĠĠĠĠĠĠĠĠĠĠĠĠĠĠĠĠĠĠĠĠĠĠĠĠĠĠĠĠĠĠĠĠĠĠĠĠĠĠĠĠĠĠĠĠĊ,45,45,other,none
qwen,78346,"(""--------------------------------","(""--------------------------------",34,34,symbols,none
qwen,78371,/************************************************,/************************************************,49,49,symbols,none
qwen,78757, ---------------------------------------------------------------------------Ċ,Ġ---------------------------------------------------------------------------Ċ,77,77,symbols,none
qwen,78938,"//----------------------------------------------------------------------------
",//----------------------------------------------------------------------------Ċ,79,79,symbols,none
qwen,79083,"































",ĊĊĊĊĊĊĊĊĊĊĊĊĊĊĊĊĊĊĊĊĊĊĊĊĊĊĊĊĊĊĊĊ,32,32,whitespace,none
qwen,79371, ******************************************************************************/Ċ,Ġ******************************************************************************/Ċ,81,81,symbols,none
qwen,79403,"*******************************************************************************/
",*******************************************************************************/Ċ,81,81,symbols,none
qwen,79448,"#############################################################################
",###############################################################################Ċ,80,78,symbols,none
qwen,79518,%%%%%%%%%%%%%%%%%%%%%%%%%%%%%%%%%%%%%%%%%%%%%%%%%%%%%%%%%%%%%%%%,%%%%%%%%%%%%%%%%%%%%%%%%%%%%%%%%%%%%%%%%%%%%%%%%%%%%%%%%%%%%%%%%,64,64,symbols,none
qwen,79871,                                                                                           ,ĠĠĠĠĠĠĠĠĠĠĠĠĠĠĠĠĠĠĠĠĠĠĠĠĠĠĠĠĠĠĠĠĠĠĠĠĠĠĠĠĠĠĠĠĠĠĠĠĠĠĠĠĠĠĠĠĠĠĠĠĠĠĠĠĠĠĠĠĠĠĠĠĠĠĠĠĠĠĠĠĠĠĠĠĠĠĠĠĠĠĠ,91,91,whitespace,none
qwen,80550, -------------------------------------------------------------------------Ċ,Ġ-------------------------------------------------------------------------Ċ,75,75,symbols,none
qwen,81008, __________________________________,Ġ__________________________________,35,35,other,none
qwen,81042,"//--------------------------------------------------------------
",//--------------------------------------------------------------Ċ,65,65,symbols,none
qwen,81221,                                                                              ,ĠĠĠĠĠĠĠĠĠĠĠĠĠĠĠĠĠĠĠĠĠĠĠĠĠĠĠĠĠĠĠĠĠĠĠĠĠĠĠĠĠĠĠĠĠĠĠĠĠĠĠĠĠĠĠĠĠĠĠĠĠĠĠĠĠĠĠĠĠĠĠĠĠĠĠĠĠĠ,78,78,whitespace,none
qwen,81372, ................................,Ġ................................,33,33,symbols,none
qwen,82049, =============================================================================Ċ,Ġ=============================================================================Ċ,79,79,symbols,none
qwen,82578,######################################,########################################,40,38,symbols,none
qwen,82845,////////////////////////////////////////////////////,////////////////////////////////////////////////////,52,52,symbols,none
qwen,83894,"/////////////////////////////////////////////////////////////////////////////
",/////////////////////////////////////////////////////////////////////////////Ċ,78,78,symbols,none
qwen,84999,"/******************************************************************************/
",/******************************************************************************/Ċ,81,81,symbols,none
qwen,85785, ******************************************************************************Ċ,Ġ******************************************************************************Ċ,80,80,symbols,none
qwen,85993, //================================================================,Ġ//================================================================,67,67,symbols,none
qwen,86072, ................................................................,Ġ................................................................,65,65,symbols,none
qwen,86200, ############################################################################,Ġ############################################################################,77,77,symbols,none
qwen,86544,/************************************************************************************************,/************************************************************************************************,97,97,symbols,none
qwen,86632, ------------------------------------------------------------,Ġ------------------------------------------------------------,61,61,symbols,none
qwen,86766,                                                                                               ,ĠĠĠĠĠĠĠĠĠĠĠĠĠĠĠĠĠĠĠĠĠĠĠĠĠĠĠĠĠĠĠĠĠĠĠĠĠĠĠĠĠĠĠĠĠĠĠĠĠĠĠĠĠĠĠĠĠĠĠĠĠĠĠĠĠĠĠĠĠĠĠĠĠĠĠĠĠĠĠĠĠĠĠĠĠĠĠĠĠĠĠĠĠĠĠ,95,95,whitespace,none
qwen,87567,"//------------------------------------------------------------------------------

",//------------------------------------------------------------------------------ĊĊ,82,82,symbols,none
qwen,88155,++++++++++++++++++++++++++++++++,++++++++++++++++++++++++++++++++,32,32,symbols,none
qwen,88804,                    Ċ                    Ċ,ĠĠĠĠĠĠĠĠĠĠĠĠĠĠĠĠĠĠĠĠĊĠĠĠĠĠĠĠĠĠĠĠĠĠĠĠĠĠĠĠĠĊ,42,42,other,none
qwen,89180,//----------------------------------------------------------------------------------------------------------------,//----------------------------------------------------------------------------------------------------------------,114,114,symbols,none
qwen,89318, ============================================================================Ċ,Ġ============================================================================Ċ,78,78,symbols,none
qwen,89694, ----------------------------------------------------------------------Ċ,Ġ----------------------------------------------------------------------Ċ,72,72,symbols,none
qwen,90038,######################################################,########################################################,56,54,symbols,none
qwen,90306,                               Ċ,ĠĠĠĠĠĠĠĠĠĠĠĠĠĠĠĠĠĠĠĠĠĠĠĠĠĠĠĠĠĠĠĊ,32,32,other,none
qwen,90730,"##############################################################################
",################################################################################Ċ,81,79,symbols,none
qwen,90915, -------------------------------------------------------------------------,Ġ-------------------------------------------------------------------------,74,74,symbols,none
qwen,93682, ******************************************************************************/ĊĊ,Ġ******************************************************************************/ĊĊ,82,82,symbols,none
qwen,93858, ########################################################################,Ġ########################################################################,73,73,symbols,none
qwen,94303,//================================================================================,//================================================================================,82,82,symbols,none
qwen,94464,"//---------------------------------------------------------------------------

",//---------------------------------------------------------------------------ĊĊ,79,79,symbols,none
qwen,94947,                                                Ċ,ĠĠĠĠĠĠĠĠĠĠĠĠĠĠĠĠĠĠĠĠĠĠĠĠĠĠĠĠĠĠĠĠĠĠĠĠĠĠĠĠĠĠĠĠĠĠĠĠĊ,49,49,other,none
qwen,95180, //////////////////////////////////////////////////////////////////////,Ġ//////////////////////////////////////////////////////////////////////,71,71,symbols,none
qwen,95429,                                                                                 ,ĠĠĠĠĠĠĠĠĠĠĠĠĠĠĠĠĠĠĠĠĠĠĠĠĠĠĠĠĠĠĠĠĠĠĠĠĠĠĠĠĠĠĠĠĠĠĠĠĠĠĠĠĠĠĠĠĠĠĠĠĠĠĠĠĠĠĠĠĠĠĠĠĠĠĠĠĠĠĠĠĠ,81,81,whitespace,none
qwen,96581, ------------------------------------------------------------------------Ċ,Ġ------------------------------------------------------------------------Ċ,74,74,symbols,none
qwen,97005, /************************************************************************,Ġ/************************************************************************,74,74,symbols,none
qwen,97417,                                                                                ,ĠĠĠĠĠĠĠĠĠĠĠĠĠĠĠĠĠĠĠĠĠĠĠĠĠĠĠĠĠĠĠĠĠĠĠĠĠĠĠĠĠĠĠĠĠĠĠĠĠĠĠĠĠĠĠĠĠĠĠĠĠĠĠĠĠĠĠĠĠĠĠĠĠĠĠĠĠĠĠĠ,80,80,whitespace,none
qwen,97844,##########################################################,############################################################,60,58,symbols,none
qwen,97942, --------------------------------------------------------------------------Ċ,Ġ--------------------------------------------------------------------------Ċ,76,76,symbols,none
qwen,98320,"////////////////////////////////////////////////////////////////////////////////

",////////////////////////////////////////////////////////////////////////////////ĊĊ,82,82,symbols,none
qwen,98474,------------------------------------------------------------------------------------------------,------------------------------------------------------------------------------------------------,96,96,symbols,none
qwen,98989, /****************************************************************,Ġ/****************************************************************,66,66,symbols,none
qwen,128203,ประสิทธิภาพ,à¸Ľà¸£à¸°à¸ªà¸´à¸Ĺà¸ĺà¸´à¸łà¸²à¸ŀ,33,11,multilingual,Thai
qwen,132742,เจ้าหน้าที่,à¹Ģà¸Īà¹īà¸²à¸«à¸Ļà¹īà¸²à¸Ĺà¸µà¹Ī,33,11,multilingual,Thai
qwen,133149,มหาวิทยาลัย,à¸¡à¸«à¸²à¸§à¸´à¸Ĺà¸¢à¸²à¸¥à¸±à¸¢,33,11,multilingual,Thai
qwen,135288,เปลี่ยนแปลง,à¹Ģà¸Ľà¸¥à¸µà¹Īà¸¢à¸Ļà¹ģà¸Ľà¸¥à¸ĩ,33,11,multilingual,Thai
qwen,135314,ที่เกี่ยวข้อง,à¸Ĺà¸µà¹Īà¹Ģà¸ģà¸µà¹Īà¸¢à¸§à¸Ĥà¹īà¸Ńà¸ĩ,39,13,multilingual,Thai
qwen,136150,ความคิดเห็น,à¸Ħà¸§à¸²à¸¡à¸Ħà¸´à¸Ķà¹Ģà¸«à¹ĩà¸Ļ,33,11,multilingual,Thai
qwen,137405,สมัครสมาชิก,à¸ªà¸¡à¸±à¸Ħà¸£à¸ªà¸¡à¸²à¸Ĭà¸´à¸ģ,33,11,multilingual,Thai
qwen,137472,ที่ดีที่สุด,à¸Ĺà¸µà¹Īà¸Ķà¸µà¸Ĺà¸µà¹Īà¸ªà¸¸à¸Ķ,33,11,multilingual,Thai
qwen,137755,คอมพิวเตอร์,à¸Ħà¸Ńà¸¡à¸ŀà¸´à¸§à¹Ģà¸ķà¸Ńà¸£à¹Į,33,11,multilingual,Thai
qwen,138170,เมื่อวันที่,à¹Ģà¸¡à¸·à¹Īà¸Ńà¸§à¸±à¸Ļà¸Ĺà¸µà¹Ī,33,11,multilingual,Thai
qwen,138193,ความปลอดภัย,à¸Ħà¸§à¸²à¸¡à¸Ľà¸¥à¸Ńà¸Ķà¸łà¸±à¸¢,33,11,multilingual,Thai
qwen,139995,ありがとうございました,ãģĤãĤĬãģĮãģ¨ãģĨãģĶãģĸãģĦãģ¾ãģĹãģŁ,33,11,east_asian,Japanese Hiragana
qwen,140378,นักท่องเที่ยว,à¸Ļà¸±à¸ģà¸Ĺà¹Īà¸Ńà¸ĩà¹Ģà¸Ĺà¸µà¹Īà¸¢à¸§,39,13,multilingual,Thai
qwen,140783,วิทยาศาสตร์,à¸§à¸´à¸Ĺà¸¢à¸²à¸¨à¸²à¸ªà¸ķà¸£à¹Į,33,11,multilingual,Thai
qwen,141989,พรีเมียร์ลีก,à¸ŀà¸£à¸µà¹Ģà¸¡à¸µà¸¢à¸£à¹Įà¸¥à¸µà¸ģ,36,12,multilingual,Thai
qwen,142062, à¸Ńà¸¢à¹Īà¸²à¸ĩà¹Ħà¸£à¸ģà¹ĩà¸ķà¸²à¸¡,Ġà¸Ńà¸¢à¹Īà¸²à¸ĩà¹Ħà¸£à¸ģà¹ĩà¸ķà¸²à¸¡,37,37,numeric,none
qwen,142437,ประวัติศาสตร์,à¸Ľà¸£à¸°à¸§à¸±à¸ķà¸´à¸¨à¸²à¸ªà¸ķà¸£à¹Į,39,13,multilingual,Thai
qwen,142465,ประชาสัมพันธ์,à¸Ľà¸£à¸°à¸Ĭà¸²à¸ªà¸±à¸¡à¸ŀà¸±à¸Ļà¸ĺà¹Į,39,13,multilingual,Thai
qwen,142814,อย่างรวดเร็ว,à¸Ńà¸¢à¹Īà¸²à¸ĩà¸£à¸§à¸Ķà¹Ģà¸£à¹ĩà¸§,36,12,multilingual,Thai
qwen,142828,ออกกำลังกาย,à¸Ńà¸Ńà¸ģà¸ģà¸³à¸¥à¸±à¸ĩà¸ģà¸²à¸¢,33,11,multilingual,Thai
qwen,142957,อย่างต่อเนื่อง,à¸Ńà¸¢à¹Īà¸²à¸ĩà¸ķà¹Īà¸Ńà¹Ģà¸Ļà¸·à¹Īà¸Ńà¸ĩ,42,14,multilingual,Thai
qwen,142999,มีประสิทธิภาพ,à¸¡à¸µà¸Ľà¸£à¸°à¸ªà¸´à¸Ĺà¸ĺà¸´à¸łà¸²à¸ŀ,39,13,multilingual,Thai
qwen,143121,ก่อนหน้านี้,à¸ģà¹Īà¸Ńà¸Ļà¸«à¸Ļà¹īà¸²à¸Ļà¸µà¹ī,33,11,multilingual,Thai
qwen,143168,เครื่องดื่ม,à¹Ģà¸Ħà¸£à¸·à¹Īà¸Ńà¸ĩà¸Ķà¸·à¹Īà¸¡,33,11,multilingual,Thai
qwen,143257,คาสิโนออนไลน์,à¸Ħà¸²à¸ªà¸´à¹Ĥà¸Ļà¸Ńà¸Ńà¸Ļà¹Ħà¸¥à¸Ļà¹Į,39,13,multilingual,Thai
qwen,143370,สิ่งแวดล้อม,à¸ªà¸´à¹Īà¸ĩà¹ģà¸§à¸Ķà¸¥à¹īà¸Ńà¸¡,33,11,multilingual,Thai
qwen,143915,ทำความสะอาด,à¸Ĺà¸³à¸Ħà¸§à¸²à¸¡à¸ªà¸°à¸Ńà¸²à¸Ķ,33,11,multilingual,Thai
qwen,143942,อำนวยความสะดวก,à¸Ńà¸³à¸Ļà¸§à¸¢à¸Ħà¸§à¸²à¸¡à¸ªà¸°à¸Ķà¸§à¸ģ,42,14,multilingual,Thai
olmo,792,                                ,ĠĠĠĠĠĠĠĠĠĠĠĠĠĠĠĠĠĠĠĠĠĠĠĠĠĠĠĠĠĠĠĠ,32,32,whitespace,none
olmo,1434,--------------------------------,--------------------------------,32,32,symbols,none
olmo,1724,********************************,********************************,32,32,symbols,none
olmo,1961,                                   ,ĠĠĠĠĠĠĠĠĠĠĠĠĠĠĠĠĠĠĠĠĠĠĠĠĠĠĠĠĠĠĠĠĠĠĠ,35,35,whitespace,none
olmo,2623,                                       ,ĠĠĠĠĠĠĠĠĠĠĠĠĠĠĠĠĠĠĠĠĠĠĠĠĠĠĠĠĠĠĠĠĠĠĠĠĠĠĠ,39,39,whitespace,none
olmo,3134,================================,================================,32,32,symbols,none
olmo,3425,                                           ,ĠĠĠĠĠĠĠĠĠĠĠĠĠĠĠĠĠĠĠĠĠĠĠĠĠĠĠĠĠĠĠĠĠĠĠĠĠĠĠĠĠĠĠ,43,43,whitespace,none
olmo,3597,----------------------------------------------------------------,----------------------------------------------------------------,64,64,symbols,none
olmo,3985,////////////////////////////////,////////////////////////////////,32,32,symbols,none
olmo,4169,****************************************************************,****************************************************************,64,64,symbols,none
olmo,4672,                                               ,ĠĠĠĠĠĠĠĠĠĠĠĠĠĠĠĠĠĠĠĠĠĠĠĠĠĠĠĠĠĠĠĠĠĠĠĠĠĠĠĠĠĠĠĠĠĠĠ,47,47,whitespace,none
olmo,5134,##############################,################################,32,30,symbols,none
olmo,5351,                                                                ,ĠĠĠĠĠĠĠĠĠĠĠĠĠĠĠĠĠĠĠĠĠĠĠĠĠĠĠĠĠĠĠĠĠĠĠĠĠĠĠĠĠĠĠĠĠĠĠĠĠĠĠĠĠĠĠĠĠĠĠĠĠĠĠĠ,64,64,whitespace,none
olmo,5713,************************************************************************,************************************************************************,72,72,symbols,none
olmo,6508,                                                   ,ĠĠĠĠĠĠĠĠĠĠĠĠĠĠĠĠĠĠĠĠĠĠĠĠĠĠĠĠĠĠĠĠĠĠĠĠĠĠĠĠĠĠĠĠĠĠĠĠĠĠĠ,51,51,whitespace,none
olmo,6794,                                 ,ĠĠĠĠĠĠĠĠĠĠĠĠĠĠĠĠĠĠĠĠĠĠĠĠĠĠĠĠĠĠĠĠĠ,33,33,whitespace,none
olmo,8299,                                                       ,ĠĠĠĠĠĠĠĠĠĠĠĠĠĠĠĠĠĠĠĠĠĠĠĠĠĠĠĠĠĠĠĠĠĠĠĠĠĠĠĠĠĠĠĠĠĠĠĠĠĠĠĠĠĠĠ,55,55,whitespace,none
olmo,8315,================================================================,================================================================,64,64,symbols,none
olmo,8497,                                     ,ĠĠĠĠĠĠĠĠĠĠĠĠĠĠĠĠĠĠĠĠĠĠĠĠĠĠĠĠĠĠĠĠĠĠĠĠĠ,37,37,whitespace,none
olmo,8633, ----------------------------------------------------------------,Ġ----------------------------------------------------------------,65,65,symbols,none
olmo,9411,------------------------------------------------,------------------------------------------------,48,48,symbols,none
olmo,9898,                                  ,ĠĠĠĠĠĠĠĠĠĠĠĠĠĠĠĠĠĠĠĠĠĠĠĠĠĠĠĠĠĠĠĠĠĠ,34,34,whitespace,none
olmo,10023,////////////////////////////////////////////////////////////////,////////////////////////////////////////////////////////////////,64,64,symbols,none
olmo,10089,//----------------------------------------------------------------,//----------------------------------------------------------------,66,66,symbols,none
olmo,10724,                                         ,ĠĠĠĠĠĠĠĠĠĠĠĠĠĠĠĠĠĠĠĠĠĠĠĠĠĠĠĠĠĠĠĠĠĠĠĠĠĠĠĠĠ,41,41,whitespace,none
olmo,10757, ************************************************************************,Ġ************************************************************************,73,73,symbols,none
olmo,10812,                                    ,ĠĠĠĠĠĠĠĠĠĠĠĠĠĠĠĠĠĠĠĠĠĠĠĠĠĠĠĠĠĠĠĠĠĠĠĠ,36,36,whitespace,none
olmo,11317,                                      ,ĠĠĠĠĠĠĠĠĠĠĠĠĠĠĠĠĠĠĠĠĠĠĠĠĠĠĠĠĠĠĠĠĠĠĠĠĠĠ,38,38,whitespace,none
olmo,11624,/************************************************************************,/************************************************************************,73,73,symbols,none
olmo,12216,                                                           ,ĠĠĠĠĠĠĠĠĠĠĠĠĠĠĠĠĠĠĠĠĠĠĠĠĠĠĠĠĠĠĠĠĠĠĠĠĠĠĠĠĠĠĠĠĠĠĠĠĠĠĠĠĠĠĠĠĠĠĠ,59,59,whitespace,none
olmo,13137,                                        ,ĠĠĠĠĠĠĠĠĠĠĠĠĠĠĠĠĠĠĠĠĠĠĠĠĠĠĠĠĠĠĠĠĠĠĠĠĠĠĠĠ,40,40,whitespace,none
olmo,13367,##############################################################,################################################################,64,62,symbols,none
olmo,13771,                                             ,ĠĠĠĠĠĠĠĠĠĠĠĠĠĠĠĠĠĠĠĠĠĠĠĠĠĠĠĠĠĠĠĠĠĠĠĠĠĠĠĠĠĠĠĠĠ,45,45,whitespace,none
olmo,14600,                                          ,ĠĠĠĠĠĠĠĠĠĠĠĠĠĠĠĠĠĠĠĠĠĠĠĠĠĠĠĠĠĠĠĠĠĠĠĠĠĠĠĠĠĠ,42,42,whitespace,none
olmo,14984,                                                                           ,ĠĠĠĠĠĠĠĠĠĠĠĠĠĠĠĠĠĠĠĠĠĠĠĠĠĠĠĠĠĠĠĠĠĠĠĠĠĠĠĠĠĠĠĠĠĠĠĠĠĠĠĠĠĠĠĠĠĠĠĠĠĠĠĠĠĠĠĠĠĠĠĠĠĠĠ,75,75,whitespace,none
olmo,15628,                                                               ,ĠĠĠĠĠĠĠĠĠĠĠĠĠĠĠĠĠĠĠĠĠĠĠĠĠĠĠĠĠĠĠĠĠĠĠĠĠĠĠĠĠĠĠĠĠĠĠĠĠĠĠĠĠĠĠĠĠĠĠĠĠĠĠ,63,63,whitespace,none
olmo,15791,                                            ,ĠĠĠĠĠĠĠĠĠĠĠĠĠĠĠĠĠĠĠĠĠĠĠĠĠĠĠĠĠĠĠĠĠĠĠĠĠĠĠĠĠĠĠĠ,44,44,whitespace,none
olmo,16563, =================================================================,Ġ=================================================================,66,66,symbols,none
olmo,16971,................................,................................,32,32,symbols,none
olmo,17712,                                              ,ĠĠĠĠĠĠĠĠĠĠĠĠĠĠĠĠĠĠĠĠĠĠĠĠĠĠĠĠĠĠĠĠĠĠĠĠĠĠĠĠĠĠĠĠĠĠ,46,46,whitespace,none
olmo,17924,________________________________,________________________________,32,32,other,none
olmo,17994, **************************************************************************,Ġ**************************************************************************,75,75,symbols,none
olmo,18115,                                                 ,ĠĠĠĠĠĠĠĠĠĠĠĠĠĠĠĠĠĠĠĠĠĠĠĠĠĠĠĠĠĠĠĠĠĠĠĠĠĠĠĠĠĠĠĠĠĠĠĠĠ,49,49,whitespace,none
olmo,18498,//----------------------------------------------------------------------------,//----------------------------------------------------------------------------,78,78,symbols,none
olmo,18527, ------------------------------------------------,Ġ------------------------------------------------,49,49,symbols,none
olmo,19273,                                                ,ĠĠĠĠĠĠĠĠĠĠĠĠĠĠĠĠĠĠĠĠĠĠĠĠĠĠĠĠĠĠĠĠĠĠĠĠĠĠĠĠĠĠĠĠĠĠĠĠ,48,48,whitespace,none
olmo,19311,================================================,================================================,48,48,symbols,none
olmo,19829,                                                                   ,ĠĠĠĠĠĠĠĠĠĠĠĠĠĠĠĠĠĠĠĠĠĠĠĠĠĠĠĠĠĠĠĠĠĠĠĠĠĠĠĠĠĠĠĠĠĠĠĠĠĠĠĠĠĠĠĠĠĠĠĠĠĠĠĠĠĠĠ,67,67,whitespace,none
olmo,20308, --------------------------------,Ġ--------------------------------,33,33,symbols,none
olmo,20766,/****************************************************************,/****************************************************************,65,65,symbols,none
olmo,21649,                                                     ,ĠĠĠĠĠĠĠĠĠĠĠĠĠĠĠĠĠĠĠĠĠĠĠĠĠĠĠĠĠĠĠĠĠĠĠĠĠĠĠĠĠĠĠĠĠĠĠĠĠĠĠĠĠ,53,53,whitespace,none
olmo,22232,                                                  ,ĠĠĠĠĠĠĠĠĠĠĠĠĠĠĠĠĠĠĠĠĠĠĠĠĠĠĠĠĠĠĠĠĠĠĠĠĠĠĠĠĠĠĠĠĠĠĠĠĠĠ,50,50,whitespace,none
olmo,23089, ****************************************************************,Ġ****************************************************************,65,65,symbols,none
olmo,23136,                                                                       ,ĠĠĠĠĠĠĠĠĠĠĠĠĠĠĠĠĠĠĠĠĠĠĠĠĠĠĠĠĠĠĠĠĠĠĠĠĠĠĠĠĠĠĠĠĠĠĠĠĠĠĠĠĠĠĠĠĠĠĠĠĠĠĠĠĠĠĠĠĠĠĠ,71,71,whitespace,none
olmo,23151,----------------------------------------------------------------------------,----------------------------------------------------------------------------,76,76,symbols,none
olmo,23381,/****************************************************************************,/****************************************************************************,77,77,symbols,none
olmo,23814, ********************************,Ġ********************************,33,33,symbols,none
olmo,24036,//================================================================,//================================================================,66,66,symbols,none
olmo,24793, ----------------------------------------------------------------------------,Ġ----------------------------------------------------------------------------,77,77,symbols,none
olmo,25343,                                                    ,ĠĠĠĠĠĠĠĠĠĠĠĠĠĠĠĠĠĠĠĠĠĠĠĠĠĠĠĠĠĠĠĠĠĠĠĠĠĠĠĠĠĠĠĠĠĠĠĠĠĠĠĠ,52,52,whitespace,none
olmo,26342,/********************************,/********************************,33,33,symbols,none
olmo,26857,                                                      ,ĠĠĠĠĠĠĠĠĠĠĠĠĠĠĠĠĠĠĠĠĠĠĠĠĠĠĠĠĠĠĠĠĠĠĠĠĠĠĠĠĠĠĠĠĠĠĠĠĠĠĠĠĠĠ,54,54,whitespace,none
olmo,26972,"--------------------------------------------------------------------------
",--------------------------------------------------------------------------Ċ,75,75,symbols,none
olmo,27157,                                                         ,ĠĠĠĠĠĠĠĠĠĠĠĠĠĠĠĠĠĠĠĠĠĠĠĠĠĠĠĠĠĠĠĠĠĠĠĠĠĠĠĠĠĠĠĠĠĠĠĠĠĠĠĠĠĠĠĠĠ,57,57,whitespace,none
olmo,28282,////////////////////////////////////////////////////////////////////////////,////////////////////////////////////////////////////////////////////////////,76,76,symbols,none
olmo,28505,////////////////////////////////////////////////,////////////////////////////////////////////////,48,48,symbols,none
olmo,29326,////////////////////////////////////////////////////////////////////////////////,////////////////////////////////////////////////////////////////////////////////,80,80,symbols,none
olmo,29685, =================================================,Ġ=================================================,50,50,symbols,none
olmo,29744, ****************************************************************************,Ġ****************************************************************************,77,77,symbols,none
olmo,29902,                                                        ,ĠĠĠĠĠĠĠĠĠĠĠĠĠĠĠĠĠĠĠĠĠĠĠĠĠĠĠĠĠĠĠĠĠĠĠĠĠĠĠĠĠĠĠĠĠĠĠĠĠĠĠĠĠĠĠĠ,56,56,whitespace,none
olmo,30954,##############################################,################################################,48,46,symbols,none
olmo,30965,/*----------------------------------------------------------------,/*----------------------------------------------------------------,66,66,symbols,none
olmo,31989,//------------------------------------------------,//------------------------------------------------,50,50,symbols,none
olmo,33079,                                                             ,ĠĠĠĠĠĠĠĠĠĠĠĠĠĠĠĠĠĠĠĠĠĠĠĠĠĠĠĠĠĠĠĠĠĠĠĠĠĠĠĠĠĠĠĠĠĠĠĠĠĠĠĠĠĠĠĠĠĠĠĠĠ,61,61,whitespace,none
olmo,33141,##########################################################################,############################################################################,76,74,symbols,none
olmo,33778,                                                          ,ĠĠĠĠĠĠĠĠĠĠĠĠĠĠĠĠĠĠĠĠĠĠĠĠĠĠĠĠĠĠĠĠĠĠĠĠĠĠĠĠĠĠĠĠĠĠĠĠĠĠĠĠĠĠĠĠĠĠ,58,58,whitespace,none
olmo,34109,%%%%%%%%%%%%%%%%%%%%%%%%%%%%%%%%,%%%%%%%%%%%%%%%%%%%%%%%%%%%%%%%%,32,32,symbols,none
olmo,34618,****************************************************************************,****************************************************************************,76,76,symbols,none
olmo,34741,                                Ċ,ĠĠĠĠĠĠĠĠĠĠĠĠĠĠĠĠĠĠĠĠĠĠĠĠĠĠĠĠĠĠĠĠĊ,33,33,other,none
olmo,36209,////////////////////////////////////////////////////////////////////////,////////////////////////////////////////////////////////////////////////,72,72,symbols,none
olmo,36719, //----------------------------------------------------------------,Ġ//----------------------------------------------------------------,67,67,symbols,none
olmo,36874, =================================,Ġ=================================,34,34,symbols,none
olmo,37813,"/*******************************************************************************
",/*******************************************************************************Ċ,81,81,symbols,none
olmo,38183,                                                              ,ĠĠĠĠĠĠĠĠĠĠĠĠĠĠĠĠĠĠĠĠĠĠĠĠĠĠĠĠĠĠĠĠĠĠĠĠĠĠĠĠĠĠĠĠĠĠĠĠĠĠĠĠĠĠĠĠĠĠĠĠĠĠ,62,62,whitespace,none
olmo,38244,                                                                        ,ĠĠĠĠĠĠĠĠĠĠĠĠĠĠĠĠĠĠĠĠĠĠĠĠĠĠĠĠĠĠĠĠĠĠĠĠĠĠĠĠĠĠĠĠĠĠĠĠĠĠĠĠĠĠĠĠĠĠĠĠĠĠĠĠĠĠĠĠĠĠĠĠ,72,72,whitespace,none
olmo,39271,                                                                 ,ĠĠĠĠĠĠĠĠĠĠĠĠĠĠĠĠĠĠĠĠĠĠĠĠĠĠĠĠĠĠĠĠĠĠĠĠĠĠĠĠĠĠĠĠĠĠĠĠĠĠĠĠĠĠĠĠĠĠĠĠĠĠĠĠĠ,65,65,whitespace,none
olmo,39468, =========================================================================,Ġ=========================================================================,74,74,symbols,none
olmo,39584,                                                            ,ĠĠĠĠĠĠĠĠĠĠĠĠĠĠĠĠĠĠĠĠĠĠĠĠĠĠĠĠĠĠĠĠĠĠĠĠĠĠĠĠĠĠĠĠĠĠĠĠĠĠĠĠĠĠĠĠĠĠĠĠ,60,60,whitespace,none
olmo,40473, --------------------------------------------------------------------------------,Ġ--------------------------------------------------------------------------------,81,81,symbols,none
olmo,40584,                                                                               ,ĠĠĠĠĠĠĠĠĠĠĠĠĠĠĠĠĠĠĠĠĠĠĠĠĠĠĠĠĠĠĠĠĠĠĠĠĠĠĠĠĠĠĠĠĠĠĠĠĠĠĠĠĠĠĠĠĠĠĠĠĠĠĠĠĠĠĠĠĠĠĠĠĠĠĠĠĠĠĠ,79,79,whitespace,none
olmo,41172,****************************************,****************************************,40,40,symbols,none
olmo,41586,##############################################################################,################################################################################,80,78,symbols,none
olmo,42156,                                                                          ,ĠĠĠĠĠĠĠĠĠĠĠĠĠĠĠĠĠĠĠĠĠĠĠĠĠĠĠĠĠĠĠĠĠĠĠĠĠĠĠĠĠĠĠĠĠĠĠĠĠĠĠĠĠĠĠĠĠĠĠĠĠĠĠĠĠĠĠĠĠĠĠĠĠĠ,74,74,whitespace,none
olmo,43180,"|--------------------------------------------------------------------------
",|--------------------------------------------------------------------------Ċ,76,76,symbols,none
olmo,43369,................................................................,................................................................,64,64,symbols,none
olmo,43808,                                                                     ,ĠĠĠĠĠĠĠĠĠĠĠĠĠĠĠĠĠĠĠĠĠĠĠĠĠĠĠĠĠĠĠĠĠĠĠĠĠĠĠĠĠĠĠĠĠĠĠĠĠĠĠĠĠĠĠĠĠĠĠĠĠĠĠĠĠĠĠĠĠ,69,69,whitespace,none
olmo,44300,////////////////////////////////////////////////////////////////////,////////////////////////////////////////////////////////////////////,68,68,symbols,none
olmo,44549,--------------------------------------------------------------------------------,--------------------------------------------------------------------------------,80,80,symbols,none
olmo,45242,"//-----------------------------------------------------------------------------
",//-----------------------------------------------------------------------------Ċ,80,80,symbols,none
olmo,45538,/*================================================================,/*================================================================,66,66,symbols,none
olmo,46907,                                    Ċ,ĠĠĠĠĠĠĠĠĠĠĠĠĠĠĠĠĠĠĠĠĠĠĠĠĠĠĠĠĠĠĠĠĠĠĠĠĊ,37,37,other,none
olmo,46914,"//------------------------------------------------------------------------------
",//------------------------------------------------------------------------------Ċ,81,81,symbols,none
olmo,47245,                                                                         ,ĠĠĠĠĠĠĠĠĠĠĠĠĠĠĠĠĠĠĠĠĠĠĠĠĠĠĠĠĠĠĠĠĠĠĠĠĠĠĠĠĠĠĠĠĠĠĠĠĠĠĠĠĠĠĠĠĠĠĠĠĠĠĠĠĠĠĠĠĠĠĠĠĠ,73,73,whitespace,none
olmo,47676,************************************************,************************************************,48,48,symbols,none
olmo,47871,                                                                      ,ĠĠĠĠĠĠĠĠĠĠĠĠĠĠĠĠĠĠĠĠĠĠĠĠĠĠĠĠĠĠĠĠĠĠĠĠĠĠĠĠĠĠĠĠĠĠĠĠĠĠĠĠĠĠĠĠĠĠĠĠĠĠĠĠĠĠĠĠĠĠ,70,70,whitespace,none
olmo,48032,________________________________________________________________,________________________________________________________________,64,64,other,none
olmo,48649,                                                                  ,ĠĠĠĠĠĠĠĠĠĠĠĠĠĠĠĠĠĠĠĠĠĠĠĠĠĠĠĠĠĠĠĠĠĠĠĠĠĠĠĠĠĠĠĠĠĠĠĠĠĠĠĠĠĠĠĠĠĠĠĠĠĠĠĠĠĠ,66,66,whitespace,none
olmo,49356,//--------------------------------,//--------------------------------,34,34,symbols,none
olmo,49597, ################################################################,Ġ################################################################,65,65,symbols,none
olmo,51661,//--------------------------------------------------------------------------------,//--------------------------------------------------------------------------------,82,82,symbols,none
olmo,52168,                                                                    ,ĠĠĠĠĠĠĠĠĠĠĠĠĠĠĠĠĠĠĠĠĠĠĠĠĠĠĠĠĠĠĠĠĠĠĠĠĠĠĠĠĠĠĠĠĠĠĠĠĠĠĠĠĠĠĠĠĠĠĠĠĠĠĠĠĠĠĠĠ,68,68,whitespace,none
olmo,52575,                                                                                   ,ĠĠĠĠĠĠĠĠĠĠĠĠĠĠĠĠĠĠĠĠĠĠĠĠĠĠĠĠĠĠĠĠĠĠĠĠĠĠĠĠĠĠĠĠĠĠĠĠĠĠĠĠĠĠĠĠĠĠĠĠĠĠĠĠĠĠĠĠĠĠĠĠĠĠĠĠĠĠĠĠĠĠĠ,83,83,whitespace,none
olmo,52914, -----------------------------------------------------------------------------Ċ,Ġ-----------------------------------------------------------------------------Ċ,79,79,symbols,none
olmo,54247,********************************************************,********************************************************,56,56,symbols,none
olmo,54296,"/******************************************************************************
",/******************************************************************************Ċ,80,80,symbols,none
olmo,54364,----------------------------------------------------------------------,----------------------------------------------------------------------,70,70,symbols,none
olmo,55401, ################################,Ġ################################,33,33,symbols,none
olmo,56363,//****************************************************************,//****************************************************************,66,66,symbols,none
olmo,56899,                                                                            ,ĠĠĠĠĠĠĠĠĠĠĠĠĠĠĠĠĠĠĠĠĠĠĠĠĠĠĠĠĠĠĠĠĠĠĠĠĠĠĠĠĠĠĠĠĠĠĠĠĠĠĠĠĠĠĠĠĠĠĠĠĠĠĠĠĠĠĠĠĠĠĠĠĠĠĠĠ,76,76,whitespace,none
olmo,57442,//------------------------------------------------------------------------------------------------,//------------------------------------------------------------------------------------------------,98,98,symbols,none
olmo,57696,                                        Ċ,ĠĠĠĠĠĠĠĠĠĠĠĠĠĠĠĠĠĠĠĠĠĠĠĠĠĠĠĠĠĠĠĠĠĠĠĠĠĠĠĠĊ,41,41,other,none
olmo,58040,                                                                                                                                ,ĠĠĠĠĠĠĠĠĠĠĠĠĠĠĠĠĠĠĠĠĠĠĠĠĠĠĠĠĠĠĠĠĠĠĠĠĠĠĠĠĠĠĠĠĠĠĠĠĠĠĠĠĠĠĠĠĠĠĠĠĠĠĠĠĠĠĠĠĠĠĠĠĠĠĠĠĠĠĠĠĠĠĠĠĠĠĠĠĠĠĠĠĠĠĠĠĠĠĠĠĠĠĠĠĠĠĠĠĠĠĠĠĠĠĠĠĠĠĠĠĠĠĠĠĠĠĠĠ,128,128,whitespace,none
olmo,58407,"//---------------------------------------------------------------------------
",//---------------------------------------------------------------------------Ċ,78,78,symbols,none
olmo,59006,/*----------------------------------------------------------------------------,/*----------------------------------------------------------------------------,78,78,symbols,none
olmo,59107,"/****************************************************************************
",/****************************************************************************Ċ,78,78,symbols,none
olmo,59691,                                                                             ,ĠĠĠĠĠĠĠĠĠĠĠĠĠĠĠĠĠĠĠĠĠĠĠĠĠĠĠĠĠĠĠĠĠĠĠĠĠĠĠĠĠĠĠĠĠĠĠĠĠĠĠĠĠĠĠĠĠĠĠĠĠĠĠĠĠĠĠĠĠĠĠĠĠĠĠĠĠ,77,77,whitespace,none
olmo,59969,"////////////////////////////////////////////////////////////////////////////////
",////////////////////////////////////////////////////////////////////////////////Ċ,81,81,symbols,none
olmo,60749,                Ċ                Ċ,ĠĠĠĠĠĠĠĠĠĠĠĠĠĠĠĠĊĠĠĠĠĠĠĠĠĠĠĠĠĠĠĠĠĊ,34,34,other,none
olmo,60909, ------------------------------------------------------------------------------------------------,Ġ------------------------------------------------------------------------------------------------,97,97,symbols,none
olmo,61207,latesAutoresizingMaskIntoConstraints,latesAutoresizingMaskIntoConstraints,36,36,english,none
olmo,61311,————————————————,âĢĶâĢĶâĢĶâĢĶâĢĶâĢĶâĢĶâĢĶâĢĶâĢĶâĢĶâĢĶâĢĶâĢĶâĢĶâĢĶ,48,16,other,none
olmo,61709, //////////////////////////////////,Ġ//////////////////////////////////,35,35,symbols,none
olmo,61729,////////////////////////////////////////////////////////////////////////////////////////////////,////////////////////////////////////////////////////////////////////////////////////////////////,96,96,symbols,none
olmo,62008,////////////////////////////////////////////////////////,////////////////////////////////////////////////////////,56,56,symbols,none
olmo,62015,#----------------------------------------------------------------------------,#----------------------------------------------------------------------------,77,77,symbols,none
olmo,62350, |--------------------------------------------------------------------------Ċ,Ġ|--------------------------------------------------------------------------Ċ,77,77,symbols,none
olmo,62460, ****************************************,Ġ****************************************,41,41,symbols,none
olmo,62793,********************************************************************************,********************************************************************************,80,80,symbols,none
olmo,63217,"----------------------------------------------------------------------
",----------------------------------------------------------------------Ċ,71,71,symbols,none
olmo,63570,.translatesAutoresizingMaskIntoConstraints,.translatesAutoresizingMaskIntoConstraints,42,42,code,none
olmo,64494,================================================================================,================================================================================,80,80,symbols,none
olmo,64638, ----------------------------------------------------------------------------Ċ,Ġ----------------------------------------------------------------------------Ċ,78,78,symbols,none
olmo,65326,//****************************************************************************,//****************************************************************************,78,78,symbols,none
olmo,65675,////////////////////////////////////////////////////////////,////////////////////////////////////////////////////////////,60,60,symbols,none
olmo,66180,//************************************************************************,//************************************************************************,74,74,symbols,none
olmo,66295, ********************************************************,Ġ********************************************************,57,57,symbols,none
olmo,66371,                                                                                       ,ĠĠĠĠĠĠĠĠĠĠĠĠĠĠĠĠĠĠĠĠĠĠĠĠĠĠĠĠĠĠĠĠĠĠĠĠĠĠĠĠĠĠĠĠĠĠĠĠĠĠĠĠĠĠĠĠĠĠĠĠĠĠĠĠĠĠĠĠĠĠĠĠĠĠĠĠĠĠĠĠĠĠĠĠĠĠĠ,87,87,whitespace,none
olmo,66748,~~~~~~~~~~~~~~~~~~~~~~~~~~~~~~~~,~~~~~~~~~~~~~~~~~~~~~~~~~~~~~~~~,32,32,symbols,none
olmo,67000, =================================================================================,Ġ=================================================================================,82,82,symbols,none
olmo,67104, //------------------------------------------------,Ġ//------------------------------------------------,51,51,symbols,none
olmo,67259,/********************************************************,/********************************************************,57,57,symbols,none
olmo,67307, ----------------------------------------------------------------------------------------------------------------,Ġ----------------------------------------------------------------------------------------------------------------,113,113,symbols,none
olmo,68261, ################################################,Ġ################################################,49,49,symbols,none
olmo,68649, /*----------------------------------------------------------------,Ġ/*----------------------------------------------------------------,67,67,symbols,none
olmo,69232,"/*****************************************************************************
",/*****************************************************************************Ċ,79,79,symbols,none
olmo,70161,######################################################################,########################################################################,72,70,symbols,none
olmo,71762, ==============================================================,Ġ==============================================================,63,63,symbols,none
olmo,72088,"/***************************************************************************
",/***************************************************************************Ċ,77,77,symbols,none
olmo,72608, //////////////////////////////////////////////////////////////////////////,Ġ//////////////////////////////////////////////////////////////////////////,75,75,symbols,none
olmo,72936, ************************************************,Ġ************************************************,49,49,symbols,none
olmo,73104,#================================================================,#================================================================,65,65,symbols,none
olmo,73303,.DataGridViewColumnHeadersHeightSizeMode,.DataGridViewColumnHeadersHeightSizeMode,40,40,code,none
olmo,73905, dequeueReusableCellWithIdentifier,ĠdequeueReusableCellWithIdentifier,34,34,english,none
olmo,74061,/****************************************,/****************************************,41,41,symbols,none
olmo,74162,/*------------------------------------------------,/*------------------------------------------------,50,50,symbols,none
olmo,74638, //--------------------------------,Ġ//--------------------------------,35,35,symbols,none
olmo,76610,#----------------------------------------------------------------,#----------------------------------------------------------------,65,65,symbols,none
olmo,76732,/********************************************************************************,/********************************************************************************,81,81,symbols,none
olmo,77607,//================================================,//================================================,50,50,symbols,none
olmo,77650, ********************************************************************************,Ġ********************************************************************************,81,81,symbols,none
olmo,77837,"///////////////////////////////////////////////////////////////////////////////
",///////////////////////////////////////////////////////////////////////////////Ċ,80,80,symbols,none
olmo,78249, *----------------------------------------------------------------,Ġ*----------------------------------------------------------------,66,66,symbols,none
olmo,79093,                                            Ċ,ĠĠĠĠĠĠĠĠĠĠĠĠĠĠĠĠĠĠĠĠĠĠĠĠĠĠĠĠĠĠĠĠĠĠĠĠĠĠĠĠĠĠĠĠĊ,45,45,other,none
olmo,79446,"(""--------------------------------","(""--------------------------------",34,34,symbols,none
olmo,79471,/************************************************,/************************************************,49,49,symbols,none
olmo,79857, ---------------------------------------------------------------------------Ċ,Ġ---------------------------------------------------------------------------Ċ,77,77,symbols,none
olmo,80038,"//----------------------------------------------------------------------------
",//----------------------------------------------------------------------------Ċ,79,79,symbols,none
olmo,80183,"































",ĊĊĊĊĊĊĊĊĊĊĊĊĊĊĊĊĊĊĊĊĊĊĊĊĊĊĊĊĊĊĊĊ,32,32,whitespace,none
olmo,80471, ******************************************************************************/Ċ,Ġ******************************************************************************/Ċ,81,81,symbols,none
olmo,80503,"*******************************************************************************/
",*******************************************************************************/Ċ,81,81,symbols,none
olmo,80548,"#############################################################################
",###############################################################################Ċ,80,78,symbols,none
olmo,80618,%%%%%%%%%%%%%%%%%%%%%%%%%%%%%%%%%%%%%%%%%%%%%%%%%%%%%%%%%%%%%%%%,%%%%%%%%%%%%%%%%%%%%%%%%%%%%%%%%%%%%%%%%%%%%%%%%%%%%%%%%%%%%%%%%,64,64,symbols,none
olmo,80971,                                                                                           ,ĠĠĠĠĠĠĠĠĠĠĠĠĠĠĠĠĠĠĠĠĠĠĠĠĠĠĠĠĠĠĠĠĠĠĠĠĠĠĠĠĠĠĠĠĠĠĠĠĠĠĠĠĠĠĠĠĠĠĠĠĠĠĠĠĠĠĠĠĠĠĠĠĠĠĠĠĠĠĠĠĠĠĠĠĠĠĠĠĠĠĠ,91,91,whitespace,none
olmo,81650, -------------------------------------------------------------------------Ċ,Ġ-------------------------------------------------------------------------Ċ,75,75,symbols,none
olmo,82108, __________________________________,Ġ__________________________________,35,35,other,none
olmo,82142,"//--------------------------------------------------------------
",//--------------------------------------------------------------Ċ,65,65,symbols,none
olmo,82321,                                                                              ,ĠĠĠĠĠĠĠĠĠĠĠĠĠĠĠĠĠĠĠĠĠĠĠĠĠĠĠĠĠĠĠĠĠĠĠĠĠĠĠĠĠĠĠĠĠĠĠĠĠĠĠĠĠĠĠĠĠĠĠĠĠĠĠĠĠĠĠĠĠĠĠĠĠĠĠĠĠĠ,78,78,whitespace,none
olmo,82472, ................................,Ġ................................,33,33,symbols,none
olmo,83149, =============================================================================Ċ,Ġ=============================================================================Ċ,79,79,symbols,none
olmo,83678,######################################,########################################,40,38,symbols,none
olmo,83945,////////////////////////////////////////////////////,////////////////////////////////////////////////////,52,52,symbols,none
olmo,84994,"/////////////////////////////////////////////////////////////////////////////
",/////////////////////////////////////////////////////////////////////////////Ċ,78,78,symbols,none
olmo,86099,"/******************************************************************************/
",/******************************************************************************/Ċ,81,81,symbols,none
olmo,86885, ******************************************************************************Ċ,Ġ******************************************************************************Ċ,80,80,symbols,none
olmo,87093, //================================================================,Ġ//================================================================,67,67,symbols,none
olmo,87172, ................................................................,Ġ................................................................,65,65,symbols,none
olmo,87300, ############################################################################,Ġ############################################################################,77,77,symbols,none
olmo,87644,/************************************************************************************************,/************************************************************************************************,97,97,symbols,none
olmo,87732, ------------------------------------------------------------,Ġ------------------------------------------------------------,61,61,symbols,none
olmo,87866,                                                                                               ,ĠĠĠĠĠĠĠĠĠĠĠĠĠĠĠĠĠĠĠĠĠĠĠĠĠĠĠĠĠĠĠĠĠĠĠĠĠĠĠĠĠĠĠĠĠĠĠĠĠĠĠĠĠĠĠĠĠĠĠĠĠĠĠĠĠĠĠĠĠĠĠĠĠĠĠĠĠĠĠĠĠĠĠĠĠĠĠĠĠĠĠĠĠĠĠ,95,95,whitespace,none
olmo,88667,"//------------------------------------------------------------------------------

",//------------------------------------------------------------------------------ĊĊ,82,82,symbols,none
olmo,89255,++++++++++++++++++++++++++++++++,++++++++++++++++++++++++++++++++,32,32,symbols,none
olmo,89904,                    Ċ                    Ċ,ĠĠĠĠĠĠĠĠĠĠĠĠĠĠĠĠĠĠĠĠĊĠĠĠĠĠĠĠĠĠĠĠĠĠĠĠĠĠĠĠĠĊ,42,42,other,none
olmo,90280,//----------------------------------------------------------------------------------------------------------------,//----------------------------------------------------------------------------------------------------------------,114,114,symbols,none
olmo,90418, ============================================================================Ċ,Ġ============================================================================Ċ,78,78,symbols,none
olmo,90794, ----------------------------------------------------------------------Ċ,Ġ----------------------------------------------------------------------Ċ,72,72,symbols,none
olmo,91138,######################################################,########################################################,56,54,symbols,none
olmo,91406,                               Ċ,ĠĠĠĠĠĠĠĠĠĠĠĠĠĠĠĠĠĠĠĠĠĠĠĠĠĠĠĠĠĠĠĊ,32,32,other,none
olmo,91830,"##############################################################################
",################################################################################Ċ,81,79,symbols,none
olmo,92015, -------------------------------------------------------------------------,Ġ-------------------------------------------------------------------------,74,74,symbols,none
olmo,94782, ******************************************************************************/ĊĊ,Ġ******************************************************************************/ĊĊ,82,82,symbols,none
olmo,94958, ########################################################################,Ġ########################################################################,73,73,symbols,none
olmo,95403,//================================================================================,//================================================================================,82,82,symbols,none
olmo,95564,"//---------------------------------------------------------------------------

",//---------------------------------------------------------------------------ĊĊ,79,79,symbols,none
olmo,96047,                                                Ċ,ĠĠĠĠĠĠĠĠĠĠĠĠĠĠĠĠĠĠĠĠĠĠĠĠĠĠĠĠĠĠĠĠĠĠĠĠĠĠĠĠĠĠĠĠĠĠĠĠĊ,49,49,other,none
olmo,96280, //////////////////////////////////////////////////////////////////////,Ġ//////////////////////////////////////////////////////////////////////,71,71,symbols,none
olmo,96529,                                                                                 ,ĠĠĠĠĠĠĠĠĠĠĠĠĠĠĠĠĠĠĠĠĠĠĠĠĠĠĠĠĠĠĠĠĠĠĠĠĠĠĠĠĠĠĠĠĠĠĠĠĠĠĠĠĠĠĠĠĠĠĠĠĠĠĠĠĠĠĠĠĠĠĠĠĠĠĠĠĠĠĠĠĠ,81,81,whitespace,none
olmo,97681, ------------------------------------------------------------------------Ċ,Ġ------------------------------------------------------------------------Ċ,74,74,symbols,none
olmo,98105, /************************************************************************,Ġ/************************************************************************,74,74,symbols,none
olmo,98517,                                                                                ,ĠĠĠĠĠĠĠĠĠĠĠĠĠĠĠĠĠĠĠĠĠĠĠĠĠĠĠĠĠĠĠĠĠĠĠĠĠĠĠĠĠĠĠĠĠĠĠĠĠĠĠĠĠĠĠĠĠĠĠĠĠĠĠĠĠĠĠĠĠĠĠĠĠĠĠĠĠĠĠĠ,80,80,whitespace,none
olmo,98944,##########################################################,############################################################,60,58,symbols,none
olmo,99042, --------------------------------------------------------------------------Ċ,Ġ--------------------------------------------------------------------------Ċ,76,76,symbols,none
olmo,99420,"////////////////////////////////////////////////////////////////////////////////

",////////////////////////////////////////////////////////////////////////////////ĊĊ,82,82,symbols,none
olmo,99574,------------------------------------------------------------------------------------------------,------------------------------------------------------------------------------------------------,96,96,symbols,none
olmo,100089, /****************************************************************,Ġ/****************************************************************,66,66,symbols,none
ds,3788,                                ,ĠĠĠĠĠĠĠĠĠĠĠĠĠĠĠĠĠĠĠĠĠĠĠĠĠĠĠĠĠĠĠĠ,32,32,whitespace,none
ds,5349,................................,................................,32,32,symbols,none
ds,9171,--------------------------------,--------------------------------,32,32,symbols,none
ds,13361,................................................................,................................................................,64,64,symbols,none
ds,15970,                                   ,ĠĠĠĠĠĠĠĠĠĠĠĠĠĠĠĠĠĠĠĠĠĠĠĠĠĠĠĠĠĠĠĠĠĠĠ,35,35,whitespace,none
ds,16932,                                                                ,ĠĠĠĠĠĠĠĠĠĠĠĠĠĠĠĠĠĠĠĠĠĠĠĠĠĠĠĠĠĠĠĠĠĠĠĠĠĠĠĠĠĠĠĠĠĠĠĠĠĠĠĠĠĠĠĠĠĠĠĠĠĠĠĠ,64,64,whitespace,none
ds,17045,********************************,********************************,32,32,symbols,none
ds,20971,================================,================================,32,32,symbols,none
ds,20989,                                       ,ĠĠĠĠĠĠĠĠĠĠĠĠĠĠĠĠĠĠĠĠĠĠĠĠĠĠĠĠĠĠĠĠĠĠĠĠĠĠĠ,39,39,whitespace,none
ds,21334,________________________________,________________________________,32,32,other,none
ds,24991,----------------------------------------------------------------,----------------------------------------------------------------,64,64,symbols,none
ds,29996,                                           ,ĠĠĠĠĠĠĠĠĠĠĠĠĠĠĠĠĠĠĠĠĠĠĠĠĠĠĠĠĠĠĠĠĠĠĠĠĠĠĠĠĠĠĠ,43,43,whitespace,none
ds,32683,##############################,################################,32,30,symbols,none
ds,38932,                                               ,ĠĠĠĠĠĠĠĠĠĠĠĠĠĠĠĠĠĠĠĠĠĠĠĠĠĠĠĠĠĠĠĠĠĠĠĠĠĠĠĠĠĠĠĠĠĠĠ,47,47,whitespace,none
ds,39217,////////////////////////////////,////////////////////////////////,32,32,symbols,none
ds,39235,........................................,........................................,40,40,symbols,none
ds,42101,****************************************************************,****************************************************************,64,64,symbols,none
ds,48402,                                 ,ĠĠĠĠĠĠĠĠĠĠĠĠĠĠĠĠĠĠĠĠĠĠĠĠĠĠĠĠĠĠĠĠĠ,33,33,whitespace,none
ds,48738,------------------------------------------------,------------------------------------------------,48,48,symbols,none
ds,48939,........................................................,........................................................,56,56,symbols,none
ds,48972,"——————————

",âĢĶâĢĶâĢĶâĢĶâĢĶâĢĶâĢĶâĢĶâĢĶâĢĶĊĊ,32,12,other,none
ds,51022,                                                   ,ĠĠĠĠĠĠĠĠĠĠĠĠĠĠĠĠĠĠĠĠĠĠĠĠĠĠĠĠĠĠĠĠĠĠĠĠĠĠĠĠĠĠĠĠĠĠĠĠĠĠĠ,51,51,whitespace,none
ds,51741, ................................................................,Ġ................................................................,65,65,symbols,none
ds,57077,————————————————,âĢĶâĢĶâĢĶâĢĶâĢĶâĢĶâĢĶâĢĶâĢĶâĢĶâĢĶâĢĶâĢĶâĢĶâĢĶâĢĶ,48,16,other,none
ds,57816,================================================================,================================================================,64,64,symbols,none
ds,58880,                                     ,ĠĠĠĠĠĠĠĠĠĠĠĠĠĠĠĠĠĠĠĠĠĠĠĠĠĠĠĠĠĠĠĠĠĠĠĠĠ,37,37,whitespace,none
ds,59075,                                  ,ĠĠĠĠĠĠĠĠĠĠĠĠĠĠĠĠĠĠĠĠĠĠĠĠĠĠĠĠĠĠĠĠĠĠ,34,34,whitespace,none
ds,59785,MMMMMMMMMMMMMMMMMMMMMMMMMMMMMMMM,MMMMMMMMMMMMMMMMMMMMMMMMMMMMMMMM,32,32,english,none
ds,60301,…………………………………………,âĢ¦âĢ¦âĢ¦âĢ¦âĢ¦âĢ¦âĢ¦âĢ¦âĢ¦âĢ¦âĢ¦âĢ¦âĢ¦âĢ¦âĢ¦âĢ¦,48,16,other,none
ds,60548,新时代中国特色社会主义,æĸ°æĹ¶ä»£ä¸ŃåĽ½çī¹èī²ç¤¾ä¼ļä¸»ä¹ī,33,11,east_asian,Chinese (CJK Unified)
ds,62204,________________________________________________________________,________________________________________________________________,64,64,other,none
ds,63634,................................................,................................................,48,48,symbols,none
ds,65153,                                    ,ĠĠĠĠĠĠĠĠĠĠĠĠĠĠĠĠĠĠĠĠĠĠĠĠĠĠĠĠĠĠĠĠĠĠĠĠ,36,36,whitespace,none
ds,65304, -----------------------------------------------------------------,Ġ-----------------------------------------------------------------,66,66,symbols,none
ds,65391,..........................................,..........................................,42,42,symbols,none
ds,65995,习近平新时代中国特色社会主义,ä¹łè¿ĳå¹³æĸ°æĹ¶ä»£ä¸ŃåĽ½çī¹èī²ç¤¾ä¼ļä¸»ä¹ī,42,14,east_asian,Chinese (CJK Unified)
ds,68108,                                                       ,ĠĠĠĠĠĠĠĠĠĠĠĠĠĠĠĠĠĠĠĠĠĠĠĠĠĠĠĠĠĠĠĠĠĠĠĠĠĠĠĠĠĠĠĠĠĠĠĠĠĠĠĠĠĠĠ,55,55,whitespace,none
ds,69076,                                      ,ĠĠĠĠĠĠĠĠĠĠĠĠĠĠĠĠĠĠĠĠĠĠĠĠĠĠĠĠĠĠĠĠĠĠĠĠĠĠ,38,38,whitespace,none
ds,69933,                                                                                                                                ,ĠĠĠĠĠĠĠĠĠĠĠĠĠĠĠĠĠĠĠĠĠĠĠĠĠĠĠĠĠĠĠĠĠĠĠĠĠĠĠĠĠĠĠĠĠĠĠĠĠĠĠĠĠĠĠĠĠĠĠĠĠĠĠĠĠĠĠĠĠĠĠĠĠĠĠĠĠĠĠĠĠĠĠĠĠĠĠĠĠĠĠĠĠĠĠĠĠĠĠĠĠĠĠĠĠĠĠĠĠĠĠĠĠĠĠĠĠĠĠĠĠĠĠĠĠĠĠĠ,128,128,whitespace,none
ds,70676,................................................................................................................................,................................................................................................................................,128,128,symbols,none
ds,70766,�ျေးရွာအုပ်စ,ĢáĢ»áĢ±áĢ¸áĢĽáĢ½áĢ¬áĢ¡áĢ¯áĢķáĢºáĢħ,34,12,multilingual,Myanmar (Burmese)
ds,71406,                                        ,ĠĠĠĠĠĠĠĠĠĠĠĠĠĠĠĠĠĠĠĠĠĠĠĠĠĠĠĠĠĠĠĠĠĠĠĠĠĠĠĠ,40,40,whitespace,none
ds,71586,�ျေးရွာအုပ်စု,ĢáĢ»áĢ±áĢ¸áĢĽáĢ½áĢ¬áĢ¡áĢ¯áĢķáĢºáĢħáĢ¯,37,13,multilingual,Myanmar (Burmese)
ds,73824,                                         ,ĠĠĠĠĠĠĠĠĠĠĠĠĠĠĠĠĠĠĠĠĠĠĠĠĠĠĠĠĠĠĠĠĠĠĠĠĠĠĠĠĠ,41,41,whitespace,none
ds,74252,习近平新时代中国特色社会主义思想,ä¹łè¿ĳå¹³æĸ°æĹ¶ä»£ä¸ŃåĽ½çī¹èī²ç¤¾ä¼ļä¸»ä¹īæĢĿæĥ³,48,16,east_asian,Chinese (CJK Unified)
ds,74667, ****************************************************************,Ġ****************************************************************,65,65,symbols,none
ds,76890,                ,ÂłÂłÂłÂłÂłÂłÂłÂłÂłÂłÂłÂłÂłÂłÂłÂł,32,16,whitespace,none
ds,77270,..................................................................,..................................................................,66,66,symbols,none
ds,79773,------------------------------------------------------------------------,------------------------------------------------------------------------,72,72,symbols,none
ds,82471, ________________________________,Ġ________________________________,33,33,other,none
ds,85055,                                                           ,ĠĠĠĠĠĠĠĠĠĠĠĠĠĠĠĠĠĠĠĠĠĠĠĠĠĠĠĠĠĠĠĠĠĠĠĠĠĠĠĠĠĠĠĠĠĠĠĠĠĠĠĠĠĠĠĠĠĠĠ,59,59,whitespace,none
ds,86583,                                            ,ĠĠĠĠĠĠĠĠĠĠĠĠĠĠĠĠĠĠĠĠĠĠĠĠĠĠĠĠĠĠĠĠĠĠĠĠĠĠĠĠĠĠĠĠ,44,44,whitespace,none
ds,87355,                                          ,ĠĠĠĠĠĠĠĠĠĠĠĠĠĠĠĠĠĠĠĠĠĠĠĠĠĠĠĠĠĠĠĠĠĠĠĠĠĠĠĠĠĠ,42,42,whitespace,none
ds,91826,                                              ,ĠĠĠĠĠĠĠĠĠĠĠĠĠĠĠĠĠĠĠĠĠĠĠĠĠĠĠĠĠĠĠĠĠĠĠĠĠĠĠĠĠĠĠĠĠĠ,46,46,whitespace,none
ds,92334,##############################################################,################################################################,64,62,symbols,none
ds,93707,                                                ,ĠĠĠĠĠĠĠĠĠĠĠĠĠĠĠĠĠĠĠĠĠĠĠĠĠĠĠĠĠĠĠĠĠĠĠĠĠĠĠĠĠĠĠĠĠĠĠĠ,48,48,whitespace,none
ds,94356,����������������,ï¿½ï¿½ï¿½ï¿½ï¿½ï¿½ï¿½ï¿½ï¿½ï¿½ï¿½ï¿½ï¿½ï¿½ï¿½ï¿½,48,16,other,none
ds,95386,                                             ,ĠĠĠĠĠĠĠĠĠĠĠĠĠĠĠĠĠĠĠĠĠĠĠĠĠĠĠĠĠĠĠĠĠĠĠĠĠĠĠĠĠĠĠĠĠ,45,45,whitespace,none
ds,95394, -------------------------------------------------,Ġ-------------------------------------------------,50,50,symbols,none
ds,97278,////////////////////////////////////////////////////////////////,////////////////////////////////////////////////////////////////,64,64,symbols,none
ds,100067,.................................,.................................,33,33,symbols,none
ds,101174,\\\\\\\\\\\\\\\\\\\\\\\\\\\\\\\\,\\\\\\\\\\\\\\\\\\\\\\\\\\\\\\\\,32,32,symbols,none
ds,102872,MMMMMMMMMMMMMMMMMMMMMMMMMMMMMMMMMMMMMMMMMMMMMMMMMMMMMMMMMMMMMMMM,MMMMMMMMMMMMMMMMMMMMMMMMMMMMMMMMMMMMMMMMMMMMMMMMMMMMMMMMMMMMMMMM,64,64,english,none
ds,105162,                                                               ,ĠĠĠĠĠĠĠĠĠĠĠĠĠĠĠĠĠĠĠĠĠĠĠĠĠĠĠĠĠĠĠĠĠĠĠĠĠĠĠĠĠĠĠĠĠĠĠĠĠĠĠĠĠĠĠĠĠĠĠĠĠĠĠ,63,63,whitespace,none
ds,105553,========================================================================,========================================================================,72,72,symbols,none
ds,108405,วิทยาศาสตร์,à¸§à¸´à¸Ĺà¸¢à¸²à¸¨à¸²à¸ªà¸ķà¸£à¹Į,33,11,multilingual,Thai
ds,109465, ---------------------------------,Ġ---------------------------------,34,34,symbols,none
ds,110304,เปลี่ยนแปลง,à¹Ģà¸Ľà¸¥à¸µà¹Īà¸¢à¸Ļà¹ģà¸Ľà¸¥à¸ĩ,33,11,multilingual,Thai
ds,111458,---------------+---------------+,---------------+---------------+,32,32,symbols,none
ds,111683,........................................................................................................................,........................................................................................................................,120,120,symbols,none
ds,111795,--------------------------------------------------------------------------------,--------------------------------------------------------------------------------,80,80,symbols,none
ds,113709,                                                    ,ĠĠĠĠĠĠĠĠĠĠĠĠĠĠĠĠĠĠĠĠĠĠĠĠĠĠĠĠĠĠĠĠĠĠĠĠĠĠĠĠĠĠĠĠĠĠĠĠĠĠĠĠ,52,52,whitespace,none
ds,118163,                                                 ,ĠĠĠĠĠĠĠĠĠĠĠĠĠĠĠĠĠĠĠĠĠĠĠĠĠĠĠĠĠĠĠĠĠĠĠĠĠĠĠĠĠĠĠĠĠĠĠĠĠ,49,49,whitespace,none
ds,118789,────────────────,âĶĢâĶĢâĶĢâĶĢâĶĢâĶĢâĶĢâĶĢâĶĢâĶĢâĶĢâĶĢâĶĢâĶĢâĶĢâĶĢ,48,16,other,none
ds,118888, ************************************************************************,Ġ************************************************************************,73,73,symbols,none
ds,121313,/****************************************************************,/****************************************************************,65,65,symbols,none
ds,123081,มหาวิทยาลัย,à¸¡à¸«à¸²à¸§à¸´à¸Ĺà¸¢à¸²à¸¥à¸±à¸¢,33,11,multilingual,Thai
ds,123218,************************************************,************************************************,48,48,symbols,none
ds,123856,การเรียนรู้,à¸ģà¸²à¸£à¹Ģà¸£à¸µà¸¢à¸Ļà¸£à¸¹à¹ī,33,11,multilingual,Thai
ds,124189,                                                                           ,ĠĠĠĠĠĠĠĠĠĠĠĠĠĠĠĠĠĠĠĠĠĠĠĠĠĠĠĠĠĠĠĠĠĠĠĠĠĠĠĠĠĠĠĠĠĠĠĠĠĠĠĠĠĠĠĠĠĠĠĠĠĠĠĠĠĠĠĠĠĠĠĠĠĠĠ,75,75,whitespace,none
ds,125146,"————————————————————

",âĢĶâĢĶâĢĶâĢĶâĢĶâĢĶâĢĶâĢĶâĢĶâĢĶâĢĶâĢĶâĢĶâĢĶâĢĶâĢĶâĢĶâĢĶâĢĶâĢĶĊĊ,62,22,other,none
ds,125689,人民代表大会常务委员会,äººæ°ĳä»£è¡¨å¤§ä¼ļå¸¸åĬ¡å§Ķåĳĺä¼ļ,33,11,east_asian,Chinese (CJK Unified)
ds,125731,....................................,....................................,36,36,symbols,none
ds,126793,                                                  ,ĠĠĠĠĠĠĠĠĠĠĠĠĠĠĠĠĠĠĠĠĠĠĠĠĠĠĠĠĠĠĠĠĠĠĠĠĠĠĠĠĠĠĠĠĠĠĠĠĠĠ,50,50,whitespace,none
dscode,1467,                                ,ĠĠĠĠĠĠĠĠĠĠĠĠĠĠĠĠĠĠĠĠĠĠĠĠĠĠĠĠĠĠĠĠ,32,32,whitespace,none
dscode,4418,--------------------------------,--------------------------------,32,32,symbols,none
dscode,8653,                                                                ,ĠĠĠĠĠĠĠĠĠĠĠĠĠĠĠĠĠĠĠĠĠĠĠĠĠĠĠĠĠĠĠĠĠĠĠĠĠĠĠĠĠĠĠĠĠĠĠĠĠĠĠĠĠĠĠĠĠĠĠĠĠĠĠĠ,64,64,whitespace,none
dscode,10336,********************************,********************************,32,32,symbols,none
dscode,11558,================================,================================,32,32,symbols,none
dscode,11596,----------------------------------------------------------------,----------------------------------------------------------------,64,64,symbols,none
dscode,11722,                                <,ĠĠĠĠĠĠĠĠĠĠĠĠĠĠĠĠĠĠĠĠĠĠĠĠĠĠĠĠĠĠĠĠ<,33,33,symbols,none
dscode,12204,                                   ,ĠĠĠĠĠĠĠĠĠĠĠĠĠĠĠĠĠĠĠĠĠĠĠĠĠĠĠĠĠĠĠĠĠĠĠ,35,35,whitespace,none
dscode,15327,                                    <,ĠĠĠĠĠĠĠĠĠĠĠĠĠĠĠĠĠĠĠĠĠĠĠĠĠĠĠĠĠĠĠĠĠĠĠĠ<,37,37,symbols,none
dscode,16452,                                       ,ĠĠĠĠĠĠĠĠĠĠĠĠĠĠĠĠĠĠĠĠĠĠĠĠĠĠĠĠĠĠĠĠĠĠĠĠĠĠĠ,39,39,whitespace,none
dscode,18060,////////////////////////////////,////////////////////////////////,32,32,symbols,none
dscode,20766,                                 ,ĠĠĠĠĠĠĠĠĠĠĠĠĠĠĠĠĠĠĠĠĠĠĠĠĠĠĠĠĠĠĠĠĠ,33,33,whitespace,none
dscode,21223,                                           ,ĠĠĠĠĠĠĠĠĠĠĠĠĠĠĠĠĠĠĠĠĠĠĠĠĠĠĠĠĠĠĠĠĠĠĠĠĠĠĠĠĠĠĠ,43,43,whitespace,none
dscode,21385,                                  ,ĠĠĠĠĠĠĠĠĠĠĠĠĠĠĠĠĠĠĠĠĠĠĠĠĠĠĠĠĠĠĠĠĠĠ,34,34,whitespace,none
dscode,21481,                                        <,ĠĠĠĠĠĠĠĠĠĠĠĠĠĠĠĠĠĠĠĠĠĠĠĠĠĠĠĠĠĠĠĠĠĠĠĠĠĠĠĠ<,41,41,symbols,none
dscode,22790,                                    ,ĠĠĠĠĠĠĠĠĠĠĠĠĠĠĠĠĠĠĠĠĠĠĠĠĠĠĠĠĠĠĠĠĠĠĠĠ,36,36,whitespace,none
dscode,24595,****************************************************************,****************************************************************,64,64,symbols,none
dscode,24603,                                     ,ĠĠĠĠĠĠĠĠĠĠĠĠĠĠĠĠĠĠĠĠĠĠĠĠĠĠĠĠĠĠĠĠĠĠĠĠĠ,37,37,whitespace,none
dscode,25778,------------------------------------------------,------------------------------------------------,48,48,symbols,none
dscode,27123,                                        ,ĠĠĠĠĠĠĠĠĠĠĠĠĠĠĠĠĠĠĠĠĠĠĠĠĠĠĠĠĠĠĠĠĠĠĠĠĠĠĠĠ,40,40,whitespace,none
dscode,27128,                                      ,ĠĠĠĠĠĠĠĠĠĠĠĠĠĠĠĠĠĠĠĠĠĠĠĠĠĠĠĠĠĠĠĠĠĠĠĠĠĠ,38,38,whitespace,none
dscode,27847,                                            <,ĠĠĠĠĠĠĠĠĠĠĠĠĠĠĠĠĠĠĠĠĠĠĠĠĠĠĠĠĠĠĠĠĠĠĠĠĠĠĠĠĠĠĠĠ<,45,45,symbols,none
dscode,28457,                                               ,ĠĠĠĠĠĠĠĠĠĠĠĠĠĠĠĠĠĠĠĠĠĠĠĠĠĠĠĠĠĠĠĠĠĠĠĠĠĠĠĠĠĠĠĠĠĠĠ,47,47,whitespace,none
dscode,28557, ----------------------------------------------------------------,Ġ----------------------------------------------------------------,65,65,symbols,none
dscode,29430,##############################,################################,32,30,symbols,none
dscode,29892,================================================================,================================================================,64,64,symbols,none
dscode,29943,________________________________,________________________________,32,32,other,none
dscode,30257,                                         ,ĠĠĠĠĠĠĠĠĠĠĠĠĠĠĠĠĠĠĠĠĠĠĠĠĠĠĠĠĠĠĠĠĠĠĠĠĠĠĠĠĠ,41,41,whitespace,none
dscode,31270,                                            ,ĠĠĠĠĠĠĠĠĠĠĠĠĠĠĠĠĠĠĠĠĠĠĠĠĠĠĠĠĠĠĠĠĠĠĠĠĠĠĠĠĠĠĠĠ,44,44,whitespace,none
gptoss,1213,                                ,ĠĠĠĠĠĠĠĠĠĠĠĠĠĠĠĠĠĠĠĠĠĠĠĠĠĠĠĠĠĠĠĠ,32,32,whitespace,none
gptoss,2737,--------------------------------,--------------------------------,32,32,symbols,none
gptoss,3368,********************************,********************************,32,32,symbols,none
gptoss,3523,                                   ,ĠĠĠĠĠĠĠĠĠĠĠĠĠĠĠĠĠĠĠĠĠĠĠĠĠĠĠĠĠĠĠĠĠĠĠ,35,35,whitespace,none
gptoss,4754,                                       ,ĠĠĠĠĠĠĠĠĠĠĠĠĠĠĠĠĠĠĠĠĠĠĠĠĠĠĠĠĠĠĠĠĠĠĠĠĠĠĠ,39,39,whitespace,none
gptoss,6288,================================,================================,32,32,symbols,none
gptoss,6322,                                           ,ĠĠĠĠĠĠĠĠĠĠĠĠĠĠĠĠĠĠĠĠĠĠĠĠĠĠĠĠĠĠĠĠĠĠĠĠĠĠĠĠĠĠĠ,43,43,whitespace,none
gptoss,7535,----------------------------------------------------------------,----------------------------------------------------------------,64,64,symbols,none
gptoss,8599,****************************************************************,****************************************************************,64,64,symbols,none
gptoss,8793,                                               ,ĠĠĠĠĠĠĠĠĠĠĠĠĠĠĠĠĠĠĠĠĠĠĠĠĠĠĠĠĠĠĠĠĠĠĠĠĠĠĠĠĠĠĠĠĠĠĠ,47,47,whitespace,none
gptoss,9344,                                                                ,ĠĠĠĠĠĠĠĠĠĠĠĠĠĠĠĠĠĠĠĠĠĠĠĠĠĠĠĠĠĠĠĠĠĠĠĠĠĠĠĠĠĠĠĠĠĠĠĠĠĠĠĠĠĠĠĠĠĠĠĠĠĠĠĠ,64,64,whitespace,none
gptoss,9731,////////////////////////////////,////////////////////////////////,32,32,symbols,none
gptoss,10982,##############################,################################,32,30,symbols,none
gptoss,12217,************************************************************************,************************************************************************,72,72,symbols,none
gptoss,12266,                                                   ,ĠĠĠĠĠĠĠĠĠĠĠĠĠĠĠĠĠĠĠĠĠĠĠĠĠĠĠĠĠĠĠĠĠĠĠĠĠĠĠĠĠĠĠĠĠĠĠĠĠĠĠ,51,51,whitespace,none
gptoss,12599,                                 ,ĠĠĠĠĠĠĠĠĠĠĠĠĠĠĠĠĠĠĠĠĠĠĠĠĠĠĠĠĠĠĠĠĠ,33,33,whitespace,none
gptoss,16006,                                                       ,ĠĠĠĠĠĠĠĠĠĠĠĠĠĠĠĠĠĠĠĠĠĠĠĠĠĠĠĠĠĠĠĠĠĠĠĠĠĠĠĠĠĠĠĠĠĠĠĠĠĠĠĠĠĠĠ,55,55,whitespace,none
gptoss,16198,                                     ,ĠĠĠĠĠĠĠĠĠĠĠĠĠĠĠĠĠĠĠĠĠĠĠĠĠĠĠĠĠĠĠĠĠĠĠĠĠ,37,37,whitespace,none
gptoss,17686,================================================================,================================================================,64,64,symbols,none
gptoss,18882, ----------------------------------------------------------------,Ġ----------------------------------------------------------------,65,65,symbols,none
gptoss,19076,------------------------------------------------,------------------------------------------------,48,48,symbols,none
gptoss,20949,                                         ,ĠĠĠĠĠĠĠĠĠĠĠĠĠĠĠĠĠĠĠĠĠĠĠĠĠĠĠĠĠĠĠĠĠĠĠĠĠĠĠĠĠ,41,41,whitespace,none
gptoss,21063,                                  ,ĠĠĠĠĠĠĠĠĠĠĠĠĠĠĠĠĠĠĠĠĠĠĠĠĠĠĠĠĠĠĠĠĠĠ,34,34,whitespace,none
gptoss,22567, ************************************************************************,Ġ************************************************************************,73,73,symbols,none
gptoss,22731,                                    ,ĠĠĠĠĠĠĠĠĠĠĠĠĠĠĠĠĠĠĠĠĠĠĠĠĠĠĠĠĠĠĠĠĠĠĠĠ,36,36,whitespace,none
gptoss,23643,                                                           ,ĠĠĠĠĠĠĠĠĠĠĠĠĠĠĠĠĠĠĠĠĠĠĠĠĠĠĠĠĠĠĠĠĠĠĠĠĠĠĠĠĠĠĠĠĠĠĠĠĠĠĠĠĠĠĠĠĠĠĠ,59,59,whitespace,none
gptoss,24131,                                      ,ĠĠĠĠĠĠĠĠĠĠĠĠĠĠĠĠĠĠĠĠĠĠĠĠĠĠĠĠĠĠĠĠĠĠĠĠĠĠ,38,38,whitespace,none
gptoss,25182,________________________________,________________________________,32,32,other,none
gptoss,25493,////////////////////////////////////////////////////////////////,////////////////////////////////////////////////////////////////,64,64,symbols,none
gptoss,26829,                                             ,ĠĠĠĠĠĠĠĠĠĠĠĠĠĠĠĠĠĠĠĠĠĠĠĠĠĠĠĠĠĠĠĠĠĠĠĠĠĠĠĠĠĠĠĠĠ,45,45,whitespace,none
gptoss,27240,                                        ,ĠĠĠĠĠĠĠĠĠĠĠĠĠĠĠĠĠĠĠĠĠĠĠĠĠĠĠĠĠĠĠĠĠĠĠĠĠĠĠĠ,40,40,whitespace,none
gptoss,27838,................................,................................,32,32,symbols,none
gptoss,28943,----------------------------------------------------------------------------,----------------------------------------------------------------------------,76,76,symbols,none
gptoss,29834,##############################################################,################################################################,64,62,symbols,none
gptoss,30319,                                                               ,ĠĠĠĠĠĠĠĠĠĠĠĠĠĠĠĠĠĠĠĠĠĠĠĠĠĠĠĠĠĠĠĠĠĠĠĠĠĠĠĠĠĠĠĠĠĠĠĠĠĠĠĠĠĠĠĠĠĠĠĠĠĠĠ,63,63,whitespace,none
gptoss,30723,                                                                           ,ĠĠĠĠĠĠĠĠĠĠĠĠĠĠĠĠĠĠĠĠĠĠĠĠĠĠĠĠĠĠĠĠĠĠĠĠĠĠĠĠĠĠĠĠĠĠĠĠĠĠĠĠĠĠĠĠĠĠĠĠĠĠĠĠĠĠĠĠĠĠĠĠĠĠĠ,75,75,whitespace,none
gptoss,31024,                                          ,ĠĠĠĠĠĠĠĠĠĠĠĠĠĠĠĠĠĠĠĠĠĠĠĠĠĠĠĠĠĠĠĠĠĠĠĠĠĠĠĠĠĠ,42,42,whitespace,none
gptoss,32392,                                            ,ĠĠĠĠĠĠĠĠĠĠĠĠĠĠĠĠĠĠĠĠĠĠĠĠĠĠĠĠĠĠĠĠĠĠĠĠĠĠĠĠĠĠĠĠ,44,44,whitespace,none
gptoss,32635,------------------------------------------------------------------------,------------------------------------------------------------------------,72,72,symbols,none
gptoss,35584,                                                 ,ĠĠĠĠĠĠĠĠĠĠĠĠĠĠĠĠĠĠĠĠĠĠĠĠĠĠĠĠĠĠĠĠĠĠĠĠĠĠĠĠĠĠĠĠĠĠĠĠĠ,49,49,whitespace,none
gptoss,36014, =================================================================,Ġ=================================================================,66,66,symbols,none
gptoss,38019,                                              ,ĠĠĠĠĠĠĠĠĠĠĠĠĠĠĠĠĠĠĠĠĠĠĠĠĠĠĠĠĠĠĠĠĠĠĠĠĠĠĠĠĠĠĠĠĠĠ,46,46,whitespace,none
gptoss,38551,================================================,================================================,48,48,symbols,none
gptoss,38771, ------------------------------------------------,Ġ------------------------------------------------,49,49,symbols,none
gptoss,38959,                                                                   ,ĠĠĠĠĠĠĠĠĠĠĠĠĠĠĠĠĠĠĠĠĠĠĠĠĠĠĠĠĠĠĠĠĠĠĠĠĠĠĠĠĠĠĠĠĠĠĠĠĠĠĠĠĠĠĠĠĠĠĠĠĠĠĠĠĠĠĠ,67,67,whitespace,none
gptoss,39967, **************************************************************************,Ġ**************************************************************************,75,75,symbols,none
gptoss,41146,                                                ,ĠĠĠĠĠĠĠĠĠĠĠĠĠĠĠĠĠĠĠĠĠĠĠĠĠĠĠĠĠĠĠĠĠĠĠĠĠĠĠĠĠĠĠĠĠĠĠĠ,48,48,whitespace,none
gptoss,41547,****************************************************************************,****************************************************************************,76,76,symbols,none
gptoss,42538,******************************************************************************,******************************************************************************,78,78,symbols,none
gptoss,43652, áĥ¡áĥĲáĥ¥áĥĲáĥłáĥĹáĥķáĥĶáĥļáĥĿáĥ¡,Ġáĥ¡áĥĲáĥ¥áĥĲáĥłáĥĹáĥķáĥĶáĥļáĥĿáĥ¡,34,34,other,none
gptoss,43717, --------------------------------,Ġ--------------------------------,33,33,symbols,none
gptoss,43806,                                                     ,ĠĠĠĠĠĠĠĠĠĠĠĠĠĠĠĠĠĠĠĠĠĠĠĠĠĠĠĠĠĠĠĠĠĠĠĠĠĠĠĠĠĠĠĠĠĠĠĠĠĠĠĠĠ,53,53,whitespace,none
gptoss,46371,                                                                       ,ĠĠĠĠĠĠĠĠĠĠĠĠĠĠĠĠĠĠĠĠĠĠĠĠĠĠĠĠĠĠĠĠĠĠĠĠĠĠĠĠĠĠĠĠĠĠĠĠĠĠĠĠĠĠĠĠĠĠĠĠĠĠĠĠĠĠĠĠĠĠĠ,71,71,whitespace,none
gptoss,48774,                                                  ,ĠĠĠĠĠĠĠĠĠĠĠĠĠĠĠĠĠĠĠĠĠĠĠĠĠĠĠĠĠĠĠĠĠĠĠĠĠĠĠĠĠĠĠĠĠĠĠĠĠĠ,50,50,whitespace,none
gptoss,50529,--------------------------------------------------------------------------------,--------------------------------------------------------------------------------,80,80,symbols,none
gptoss,50885, ****************************************************************,Ġ****************************************************************,65,65,symbols,none
gptoss,52918, ********************************,Ġ********************************,33,33,symbols,none
gptoss,54372,                                                    ,ĠĠĠĠĠĠĠĠĠĠĠĠĠĠĠĠĠĠĠĠĠĠĠĠĠĠĠĠĠĠĠĠĠĠĠĠĠĠĠĠĠĠĠĠĠĠĠĠĠĠĠĠ,52,52,whitespace,none
gptoss,56404,                                                         ,ĠĠĠĠĠĠĠĠĠĠĠĠĠĠĠĠĠĠĠĠĠĠĠĠĠĠĠĠĠĠĠĠĠĠĠĠĠĠĠĠĠĠĠĠĠĠĠĠĠĠĠĠĠĠĠĠĠ,57,57,whitespace,none
gptoss,57342,                                                      ,ĠĠĠĠĠĠĠĠĠĠĠĠĠĠĠĠĠĠĠĠĠĠĠĠĠĠĠĠĠĠĠĠĠĠĠĠĠĠĠĠĠĠĠĠĠĠĠĠĠĠĠĠĠĠ,54,54,whitespace,none
gptoss,61743,"--------------------------------------------------------------------------
",--------------------------------------------------------------------------Ċ,75,75,symbols,none
gptoss,62394, à¸§à¸´à¹Ģà¸Ħà¸£à¸²à¸°à¸«à¹Įà¸ļà¸Ńà¸¥,Ġà¸§à¸´à¹Ģà¸Ħà¸£à¸²à¸°à¸«à¹Įà¸ļà¸Ńà¸¥,37,37,numeric,none
gptoss,63146,============================================================================,============================================================================,76,76,symbols,none
gptoss,63991,                                                        ,ĠĠĠĠĠĠĠĠĠĠĠĠĠĠĠĠĠĠĠĠĠĠĠĠĠĠĠĠĠĠĠĠĠĠĠĠĠĠĠĠĠĠĠĠĠĠĠĠĠĠĠĠĠĠĠĠ,56,56,whitespace,none
gptoss,64084, =================================================,Ġ=================================================,50,50,symbols,none
gptoss,65371,************************************************,************************************************,48,48,symbols,none
gptoss,66188,                                                             ,ĠĠĠĠĠĠĠĠĠĠĠĠĠĠĠĠĠĠĠĠĠĠĠĠĠĠĠĠĠĠĠĠĠĠĠĠĠĠĠĠĠĠĠĠĠĠĠĠĠĠĠĠĠĠĠĠĠĠĠĠĠ,61,61,whitespace,none
gptoss,67697,เติมเงินไทยฟรี,à¹Ģà¸ķà¸´à¸¡à¹Ģà¸ĩà¸´à¸Ļà¹Ħà¸Ĺà¸¢à¸Łà¸£à¸µ,42,14,multilingual,Thai
gptoss,69365,********************************************************,********************************************************,56,56,symbols,none
gptoss,69369,ทดลองใช้ฟรี,à¸Ĺà¸Ķà¸¥à¸Ńà¸ĩà¹ĥà¸Ĭà¹īà¸Łà¸£à¸µ,33,11,multilingual,Thai
gptoss,70007, ****************************************************************************,Ġ****************************************************************************,77,77,symbols,none
gptoss,71120,##############################################,################################################,48,46,symbols,none
gptoss,72056,                                                                                                                                ,ĠĠĠĠĠĠĠĠĠĠĠĠĠĠĠĠĠĠĠĠĠĠĠĠĠĠĠĠĠĠĠĠĠĠĠĠĠĠĠĠĠĠĠĠĠĠĠĠĠĠĠĠĠĠĠĠĠĠĠĠĠĠĠĠĠĠĠĠĠĠĠĠĠĠĠĠĠĠĠĠĠĠĠĠĠĠĠĠĠĠĠĠĠĠĠĠĠĠĠĠĠĠĠĠĠĠĠĠĠĠĠĠĠĠĠĠĠĠĠĠĠĠĠĠĠĠĠĠ,128,128,whitespace,none
gptoss,72411,****************************************,****************************************,40,40,symbols,none
gptoss,72749,                                                          ,ĠĠĠĠĠĠĠĠĠĠĠĠĠĠĠĠĠĠĠĠĠĠĠĠĠĠĠĠĠĠĠĠĠĠĠĠĠĠĠĠĠĠĠĠĠĠĠĠĠĠĠĠĠĠĠĠĠĠ,58,58,whitespace,none
gptoss,73297,////////////////////////////////////////////////,////////////////////////////////////////////////,48,48,symbols,none
gptoss,73681,////////////////////////////////////////////////////////////////////////////////,////////////////////////////////////////////////////////////////////////////////,80,80,symbols,none
gptoss,73838, ******************************************************************************,Ġ******************************************************************************,79,79,symbols,none
gptoss,74358,................................................................,................................................................,64,64,symbols,none
gptoss,75764,ลงทะเบียนฟรี,à¸¥à¸ĩà¸Ĺà¸°à¹Ģà¸ļà¸µà¸¢à¸Ļà¸Łà¸£à¸µ,36,12,multilingual,Thai
gptoss,75804, à¸¥à¸ĩà¸Ĺà¸°à¹Ģà¸ļà¸µà¸¢à¸Ļà¸Łà¸£à¸µ,Ġà¸¥à¸ĩà¸Ĺà¸°à¹Ģà¸ļà¸µà¸¢à¸Ļà¸Łà¸£à¸µ,37,37,numeric,none
gptoss,76050,////////////////////////////////////////////////////////////////////////////,////////////////////////////////////////////////////////////////////////////,76,76,symbols,none
gptoss,76149, à¸Ĺà¸Ķà¸¥à¸Ńà¸ĩà¹ĥà¸Ĭà¹īà¸Łà¸£à¸µ,Ġà¸Ĺà¸Ķà¸¥à¸Ńà¸ĩà¹ĥà¸Ĭà¹īà¸Łà¸£à¸µ,34,34,numeric,none
gptoss,76470,"*******************************************************************************
",*******************************************************************************Ċ,80,80,symbols,none
gptoss,76888,%%%%%%%%%%%%%%%%%%%%%%%%%%%%%%%%,%%%%%%%%%%%%%%%%%%%%%%%%%%%%%%%%,32,32,symbols,none
gptoss,77304, ----------------------------------------------------------------------------,Ġ----------------------------------------------------------------------------,77,77,symbols,none
gptoss,78246,ความคิดเห็น,à¸Ħà¸§à¸²à¸¡à¸Ħà¸´à¸Ķà¹Ģà¸«à¹ĩà¸Ļ,33,11,multilingual,Thai
gptoss,78407,---------------------------------------------------------------------------,---------------------------------------------------------------------------,75,75,symbols,none
gptoss,78493,                                Ċ,ĠĠĠĠĠĠĠĠĠĠĠĠĠĠĠĠĠĠĠĠĠĠĠĠĠĠĠĠĠĠĠĠĊ,33,33,other,none
gptoss,79343, =================================,Ġ=================================,34,34,symbols,none
gptoss,79593, --------------------------------------------------------------------------------,Ġ--------------------------------------------------------------------------------,81,81,symbols,none
gptoss,80553,________________________________________________________________,________________________________________________________________,64,64,other,none
gptoss,81787,##########################################################################,############################################################################,76,74,symbols,none
gptoss,82394,********************************************************************************,********************************************************************************,80,80,symbols,none
gptoss,82667, à¸ªà¹Īà¸ĩà¹Ģà¸ĩà¸´à¸Ļà¸ļà¸²à¸Ĺà¹Ħà¸Ĺà¸¢,Ġà¸ªà¹Īà¸ĩà¹Ģà¸ĩà¸´à¸Ļà¸ļà¸²à¸Ĺà¹Ħà¸Ĺà¸¢,40,40,numeric,none
gptoss,82724,                                                                               ,ĠĠĠĠĠĠĠĠĠĠĠĠĠĠĠĠĠĠĠĠĠĠĠĠĠĠĠĠĠĠĠĠĠĠĠĠĠĠĠĠĠĠĠĠĠĠĠĠĠĠĠĠĠĠĠĠĠĠĠĠĠĠĠĠĠĠĠĠĠĠĠĠĠĠĠĠĠĠĠ,79,79,whitespace,none
gptoss,82845, áĥĴáĥĲáĥľáĥĽáĥĲáĥķáĥļáĥĿáĥĳáĥĲáĥ¨áĥĺ,ĠáĥĴáĥĲáĥľáĥĽáĥĲáĥķáĥļáĥĿáĥĳáĥĲáĥ¨áĥĺ,37,37,other,none
gptoss,82955,                                                                 ,ĠĠĠĠĠĠĠĠĠĠĠĠĠĠĠĠĠĠĠĠĠĠĠĠĠĠĠĠĠĠĠĠĠĠĠĠĠĠĠĠĠĠĠĠĠĠĠĠĠĠĠĠĠĠĠĠĠĠĠĠĠĠĠĠĠ,65,65,whitespace,none
gptoss,83300,                                                            ,ĠĠĠĠĠĠĠĠĠĠĠĠĠĠĠĠĠĠĠĠĠĠĠĠĠĠĠĠĠĠĠĠĠĠĠĠĠĠĠĠĠĠĠĠĠĠĠĠĠĠĠĠĠĠĠĠĠĠĠĠ,60,60,whitespace,none
gptoss,84476,พรีเมียร์ลีก,à¸ŀà¸£à¸µà¹Ģà¸¡à¸µà¸¢à¸£à¹Įà¸¥à¸µà¸ģ,36,12,multilingual,Thai
gptoss,84839,                                                              ,ĠĠĠĠĠĠĠĠĠĠĠĠĠĠĠĠĠĠĠĠĠĠĠĠĠĠĠĠĠĠĠĠĠĠĠĠĠĠĠĠĠĠĠĠĠĠĠĠĠĠĠĠĠĠĠĠĠĠĠĠĠĠ,62,62,whitespace,none
gptoss,85810,------------------------------------------------------------------------------------------------,------------------------------------------------------------------------------------------------,96,96,symbols,none
gptoss,85815, áĥ¡áĥĲáĥ¥áĥĲáĥłáĥĹáĥķáĥĶáĥļáĥĿáĥ¨áĥĺ,Ġáĥ¡áĥĲáĥ¥áĥĲáĥłáĥĹáĥķáĥĶáĥļáĥĿáĥ¨áĥĺ,37,37,other,none
gptoss,88017,                                                                        ,ĠĠĠĠĠĠĠĠĠĠĠĠĠĠĠĠĠĠĠĠĠĠĠĠĠĠĠĠĠĠĠĠĠĠĠĠĠĠĠĠĠĠĠĠĠĠĠĠĠĠĠĠĠĠĠĠĠĠĠĠĠĠĠĠĠĠĠĠĠĠĠĠ,72,72,whitespace,none
gptoss,92040, áĥ¨áĥĶáĥĽáĥĹáĥ®áĥķáĥĶáĥķáĥĲáĥ¨áĥĺ,Ġáĥ¨áĥĶáĥĽáĥĹáĥ®áĥķáĥĶáĥķáĥĲáĥ¨áĥĺ,34,34,other,none
gptoss,92268, à¤®à¥ģà¤ĸà¥įà¤¯à¤®à¤Ĥà¤¤à¥įà¤°à¥Ģ,Ġà¤®à¥ģà¤ĸà¥įà¤¯à¤®à¤Ĥà¤¤à¥įà¤°à¥Ģ,34,34,other,none
gptoss,92890,สดงความคิดเห็น,à¸ªà¸Ķà¸ĩà¸Ħà¸§à¸²à¸¡à¸Ħà¸´à¸Ķà¹Ģà¸«à¹ĩà¸Ļ,42,14,multilingual,Thai
gptoss,93582, //////////////////////////////////////////////////////////////////,Ġ//////////////////////////////////////////////////////////////////,67,67,symbols,none
gptoss,94828,————————————————,âĢĶâĢĶâĢĶâĢĶâĢĶâĢĶâĢĶâĢĶâĢĶâĢĶâĢĶâĢĶâĢĶâĢĶâĢĶâĢĶ,48,16,other,none
gptoss,94875,                                                                     ,ĠĠĠĠĠĠĠĠĠĠĠĠĠĠĠĠĠĠĠĠĠĠĠĠĠĠĠĠĠĠĠĠĠĠĠĠĠĠĠĠĠĠĠĠĠĠĠĠĠĠĠĠĠĠĠĠĠĠĠĠĠĠĠĠĠĠĠĠĠ,69,69,whitespace,none
gptoss,96799,ประจำวันที่,à¸Ľà¸£à¸°à¸Īà¸³à¸§à¸±à¸Ļà¸Ĺà¸µà¹Ī,33,11,multilingual,Thai
gptoss,97361,                                                                          ,ĠĠĠĠĠĠĠĠĠĠĠĠĠĠĠĠĠĠĠĠĠĠĠĠĠĠĠĠĠĠĠĠĠĠĠĠĠĠĠĠĠĠĠĠĠĠĠĠĠĠĠĠĠĠĠĠĠĠĠĠĠĠĠĠĠĠĠĠĠĠĠĠĠĠ,74,74,whitespace,none
gptoss,98699,----------------------------------------------------------------------,----------------------------------------------------------------------,70,70,symbols,none
gptoss,98873, à¸ªà¸¥à¹ĩà¸Ńà¸ķà¸Ńà¸Ńà¸Ļà¹Ħà¸¥à¸Ļà¹Į,Ġà¸ªà¸¥à¹ĩà¸Ńà¸ķà¸Ńà¸Ńà¸Ļà¹Ħà¸¥à¸Ļà¹Į,37,37,numeric,none
gptoss,102820,                                                                         ,ĠĠĠĠĠĠĠĠĠĠĠĠĠĠĠĠĠĠĠĠĠĠĠĠĠĠĠĠĠĠĠĠĠĠĠĠĠĠĠĠĠĠĠĠĠĠĠĠĠĠĠĠĠĠĠĠĠĠĠĠĠĠĠĠĠĠĠĠĠĠĠĠĠ,73,73,whitespace,none
gptoss,103402,##############################################################################,################################################################################,80,78,symbols,none
gptoss,103489, à¹ģà¸ªà¸Ķà¸ĩà¸Ħà¸§à¸²à¸¡à¸Ħà¸´à¸Ķà¹Ģà¸«à¹ĩà¸Ļ,Ġà¹ģà¸ªà¸Ķà¸ĩà¸Ħà¸§à¸²à¸¡à¸Ħà¸´à¸Ķà¹Ģà¸«à¹ĩà¸Ļ,46,46,numeric,none
gptoss,103491,ിരിക്കുന്നത്,à´¿à´°à´¿à´ķàµįà´ķàµģà´¨àµįà´¨à´¤àµį,36,12,indic,Malayalam
gptoss,103737, à¸ŀà¸£à¸µà¹Ģà¸¡à¸µà¸¢à¸£à¹Įà¸¥à¸µà¸ģ,Ġà¸ŀà¸£à¸µà¹Ģà¸¡à¸µà¸¢à¸£à¹Įà¸¥à¸µà¸ģ,37,37,numeric,none
gptoss,104011,ുകയായിരുന്നു,àµģà´ķà´¯à´¾à´¯à´¿à´°àµģà´¨àµįà´¨àµģ,36,12,indic,Malayalam
gptoss,104232,"|--------------------------------------------------------------------------
",|--------------------------------------------------------------------------Ċ,76,76,symbols,none
gptoss,104905, áĥ¡áĥĲáĥĶáĥłáĥĹáĥĲáĥ¨áĥĿáĥłáĥĺáĥ¡áĥĿ,Ġáĥ¡áĥĲáĥĶáĥłáĥĹáĥĲáĥ¨áĥĿáĥłáĥĺáĥ¡áĥĿ,37,37,other,none
gptoss,105234, áĥ¬áĥĲáĥłáĥĽáĥĿáĥĽáĥĲáĥĵáĥĴáĥĶáĥľ,Ġáĥ¬áĥĲáĥłáĥĽáĥĿáĥĽáĥĲáĥĵáĥĴáĥĶáĥľ,34,34,other,none
gptoss,106378,　　　　　　　　　　　　　　　　,ãĢĢãĢĢãĢĢãĢĢãĢĢãĢĢãĢĢãĢĢãĢĢãĢĢãĢĢãĢĢãĢĢãĢĢãĢĢãĢĢ,48,16,whitespace,none
gptoss,108888,                                    Ċ,ĠĠĠĠĠĠĠĠĠĠĠĠĠĠĠĠĠĠĠĠĠĠĠĠĠĠĠĠĠĠĠĠĠĠĠĠĊ,37,37,other,none
gptoss,109438,/****************************************************************************,/****************************************************************************,77,77,symbols,none
gptoss,109686, à¤ªà¥įà¤°à¤§à¤¾à¤¨à¤®à¤Ĥà¤¤à¥įà¤°à¥Ģ,Ġà¤ªà¥įà¤°à¤§à¤¾à¤¨à¤®à¤Ĥà¤¤à¥įà¤°à¥Ģ,37,37,other,none
gptoss,110119,อ่านข้อความ,à¸Ńà¹Īà¸²à¸Ļà¸Ĥà¹īà¸Ńà¸Ħà¸§à¸²à¸¡,33,11,multilingual,Thai
gptoss,110120,อ่านข้อความเต็ม,à¸Ńà¹Īà¸²à¸Ļà¸Ĥà¹īà¸Ńà¸Ħà¸§à¸²à¸¡à¹Ģà¸ķà¹ĩà¸¡,45,15,multilingual,Thai
gptoss,110321,                                                                  ,ĠĠĠĠĠĠĠĠĠĠĠĠĠĠĠĠĠĠĠĠĠĠĠĠĠĠĠĠĠĠĠĠĠĠĠĠĠĠĠĠĠĠĠĠĠĠĠĠĠĠĠĠĠĠĠĠĠĠĠĠĠĠĠĠĠĠ,66,66,whitespace,none
gptoss,110637,ได้เงินจริง,à¹Ħà¸Ķà¹īà¹Ģà¸ĩà¸´à¸Ļà¸Īà¸£à¸´à¸ĩ,33,11,multilingual,Thai
gptoss,111383,"/*******************************************************************************
",/*******************************************************************************Ċ,81,81,symbols,none
gptoss,111462, áĥĴáĥĲáĥĵáĥĲáĥ¬áĥ§áĥķáĥĶáĥ¢áĥĺáĥļ,ĠáĥĴáĥĲáĥĵáĥĲáĥ¬áĥ§áĥķáĥĶáĥ¢áĥĺáĥļ,34,34,other,none
gptoss,111845,================================================================================,================================================================================,80,80,symbols,none
gptoss,113027,------------------------------------------------------------------------------,------------------------------------------------------------------------------,78,78,symbols,none
gptoss,113286,~~~~~~~~~~~~~~~~~~~~~~~~~~~~~~~~,~~~~~~~~~~~~~~~~~~~~~~~~~~~~~~~~,32,32,symbols,none
gptoss,113341,/****************************************************************,/****************************************************************,65,65,symbols,none
gptoss,113835, à¸Ħà¸²à¸ªà¸´à¹Ĥà¸Ļà¸Ńà¸Ńà¸Ļà¹Ħà¸¥à¸Ļà¹Į,Ġà¸Ħà¸²à¸ªà¸´à¹Ĥà¸Ļà¸Ńà¸Ńà¸Ļà¹Ħà¸¥à¸Ļà¹Į,40,40,numeric,none
gptoss,113862,ありがとうございました,ãģĤãĤĬãģĮãģ¨ãģĨãģĶãģĸãģĦãģ¾ãģĹãģŁ,33,11,east_asian,Japanese Hiragana
gptoss,113903,                                                                      ,ĠĠĠĠĠĠĠĠĠĠĠĠĠĠĠĠĠĠĠĠĠĠĠĠĠĠĠĠĠĠĠĠĠĠĠĠĠĠĠĠĠĠĠĠĠĠĠĠĠĠĠĠĠĠĠĠĠĠĠĠĠĠĠĠĠĠĠĠĠĠ,70,70,whitespace,none
gptoss,115224,ข้อความเต็ม,à¸Ĥà¹īà¸Ńà¸Ħà¸§à¸²à¸¡à¹Ģà¸ķà¹ĩà¸¡,33,11,multilingual,Thai
gptoss,116288,                                                                                   ,ĠĠĠĠĠĠĠĠĠĠĠĠĠĠĠĠĠĠĠĠĠĠĠĠĠĠĠĠĠĠĠĠĠĠĠĠĠĠĠĠĠĠĠĠĠĠĠĠĠĠĠĠĠĠĠĠĠĠĠĠĠĠĠĠĠĠĠĠĠĠĠĠĠĠĠĠĠĠĠĠĠĠĠ,83,83,whitespace,none
gptoss,117837,/************************************************************************,/************************************************************************,73,73,symbols,none
gptoss,119904, áĥĵáĥĲáĥĻáĥĲáĥķáĥ¨áĥĺáĥłáĥĶáĥĳáĥĺáĥĹ,ĠáĥĵáĥĲáĥĻáĥĲáĥķáĥ¨áĥĺáĥłáĥĶáĥĳáĥĺáĥĹ,37,37,other,none
gptoss,122722,                                                                    ,ĠĠĠĠĠĠĠĠĠĠĠĠĠĠĠĠĠĠĠĠĠĠĠĠĠĠĠĠĠĠĠĠĠĠĠĠĠĠĠĠĠĠĠĠĠĠĠĠĠĠĠĠĠĠĠĠĠĠĠĠĠĠĠĠĠĠĠĠ,68,68,whitespace,none
gptoss,122872,ిస్తున్నారు,à°¿à°¸à±įà°¤à±ģà°¨à±įà°¨à°¾à°°à±ģ,33,11,indic,Telugu
gptoss,123379,തിരുവനന്തപുരം,à´¤à´¿à´°àµģà´µà´¨à´¨àµįà´¤à´ªàµģà´°à´Ĥ,39,13,indic,Malayalam
gptoss,125012, ################################################################,Ġ################################################################,65,65,symbols,none
gptoss,125094,________________________________________________,________________________________________________,48,48,other,none
gptoss,126247, =========================================================================,Ġ=========================================================================,74,74,symbols,none
gptoss,127474,საქართველოს,áĥ¡áĥĲáĥ¥áĥĲáĥłáĥĹáĥķáĥĶáĥļáĥĿáĥ¡,33,11,multilingual,Georgian
gptoss,127607, à¸ģà¸£à¸¸à¸ĩà¹Ģà¸Ĺà¸ŀà¸¡à¸«à¸²à¸Ļà¸Ħà¸£,Ġà¸ģà¸£à¸¸à¸ĩà¹Ģà¸Ĺà¸ŀà¸¡à¸«à¸²à¸Ļà¸Ħà¸£,40,40,numeric,none
gptoss,127961,"-----------------------------------------------------------------------------
",-----------------------------------------------------------------------------Ċ,78,78,symbols,none
gptoss,130283, à¦¬à¦¿à¦¶à§įà¦¬à¦¬à¦¿à¦¦à§įà¦¯à¦¾à¦²,Ġà¦¬à¦¿à¦¶à§įà¦¬à¦¬à¦¿à¦¦à§įà¦¯à¦¾à¦²,37,37,numeric,none
gptoss,130377,-----------------------------------------------------------------------------,-----------------------------------------------------------------------------,77,77,symbols,none
gptoss,130384, à¸ŀà¸£à¸£à¸Ħà¸Ŀà¹Īà¸²à¸¢à¸Ħà¹īà¸²à¸Ļ,Ġà¸ŀà¸£à¸£à¸Ħà¸Ŀà¹Īà¸²à¸¢à¸Ħà¹īà¸²à¸Ļ,37,37,numeric,none
gptoss,130774, //----------------------------------------------------------------,Ġ//----------------------------------------------------------------,67,67,symbols,none
gptoss,131495,//----------------------------------------------------------------,//----------------------------------------------------------------,66,66,symbols,none
gptoss,132188,□□□□□□□□□□□□□□□□,âĸ¡âĸ¡âĸ¡âĸ¡âĸ¡âĸ¡âĸ¡âĸ¡âĸ¡âĸ¡âĸ¡âĸ¡âĸ¡âĸ¡âĸ¡âĸ¡,48,16,other,none
gptoss,132280, ********************************************************,Ġ********************************************************,57,57,symbols,none
gptoss,132548, =============================================================================,Ġ=============================================================================,78,78,symbols,none
gptoss,132700, à¤ªà¥įà¤°à¤§à¤¾à¤¨à¤®à¤¨à¥įà¤¤à¥įà¤°à¥Ģ,Ġà¤ªà¥įà¤°à¤§à¤¾à¤¨à¤®à¤¨à¥įà¤¤à¥įà¤°à¥Ģ,40,40,other,none
gptoss,133272,                                                                             ,ĠĠĠĠĠĠĠĠĠĠĠĠĠĠĠĠĠĠĠĠĠĠĠĠĠĠĠĠĠĠĠĠĠĠĠĠĠĠĠĠĠĠĠĠĠĠĠĠĠĠĠĠĠĠĠĠĠĠĠĠĠĠĠĠĠĠĠĠĠĠĠĠĠĠĠĠĠ,77,77,whitespace,none
gptoss,133447,…………………………………………,âĢ¦âĢ¦âĢ¦âĢ¦âĢ¦âĢ¦âĢ¦âĢ¦âĢ¦âĢ¦âĢ¦âĢ¦âĢ¦âĢ¦âĢ¦âĢ¦,48,16,other,none
gptoss,133633,"------------------------------------------------------------------------------
",------------------------------------------------------------------------------Ċ,79,79,symbols,none
gptoss,134086, à¦ªà§įà¦°à¦§à¦¾à¦¨à¦®à¦¨à§įà¦¤à§įà¦°à§Ģ,Ġà¦ªà§įà¦°à¦§à¦¾à¦¨à¦®à¦¨à§įà¦¤à§įà¦°à§Ģ,40,40,other,none
gptoss,134291,ப்பட்டுள்ளது,à®ªà¯įà®ªà®Łà¯įà®Łà¯ģà®³à¯įà®³à®¤à¯ģ,36,12,indic,Tamil
gptoss,134788,                                                                                       ,ĠĠĠĠĠĠĠĠĠĠĠĠĠĠĠĠĠĠĠĠĠĠĠĠĠĠĠĠĠĠĠĠĠĠĠĠĠĠĠĠĠĠĠĠĠĠĠĠĠĠĠĠĠĠĠĠĠĠĠĠĠĠĠĠĠĠĠĠĠĠĠĠĠĠĠĠĠĠĠĠĠĠĠĠĠĠĠ,87,87,whitespace,none
gptoss,135127, à¸§à¸´à¹Ģà¸Ħà¸£à¸²à¸°à¸«à¹Įà¸ļà¸Ńà¸¥à¸§à¸±à¸Ļà¸Ļà¸µà¹ī,Ġà¸§à¸´à¹Ģà¸Ħà¸£à¸²à¸°à¸«à¹Įà¸ļà¸Ńà¸¥à¸§à¸±à¸Ļà¸Ļà¸µà¹ī,55,55,numeric,none
gptoss,135416, à²¤à²¿à²³à²¿à²¸à²¿à²¦à³įà²¦à²¾à²°à³Ĩ,Ġà²¤à²¿à²³à²¿à²¸à²¿à²¦à³įà²¦à²¾à²°à³Ĩ,37,37,numeric,none
gptoss,135971, áĥĽáĥľáĥĺáĥ¨áĥķáĥľáĥĶáĥļáĥĿáĥķáĥĲáĥľáĥĺ,ĠáĥĽáĥľáĥĺáĥ¨áĥķáĥľáĥĶáĥļáĥĿáĥķáĥĲáĥľáĥĺ,40,40,other,none
gptoss,136356,                                                                            ,ĠĠĠĠĠĠĠĠĠĠĠĠĠĠĠĠĠĠĠĠĠĠĠĠĠĠĠĠĠĠĠĠĠĠĠĠĠĠĠĠĠĠĠĠĠĠĠĠĠĠĠĠĠĠĠĠĠĠĠĠĠĠĠĠĠĠĠĠĠĠĠĠĠĠĠĠ,76,76,whitespace,none
gptoss,136676, à´¬à´¨àµįà´§à´ªàµįà´ªàµĨà´Łàµįà´Ł,Ġà´¬à´¨àµįà´§à´ªàµįà´ªàµĨà´Łàµįà´Ł,34,34,other,none
gptoss,138037, à´®àµģà´ĸàµįà´¯à´®à´¨àµįà´¤àµįà´°à´¿,Ġà´®àµģà´ĸàµįà´¯à´®à´¨àµįà´¤àµįà´°à´¿,37,37,other,none
gptoss,138352, ################################,Ġ################################,33,33,symbols,none
gptoss,139508,【อ่านข้อความเต็ม,ãĢĲà¸Ńà¹Īà¸²à¸Ļà¸Ĥà¹īà¸Ńà¸Ħà¸§à¸²à¸¡à¹Ģà¸ķà¹ĩà¸¡,48,16,multilingual,Thai
gptoss,141084, ------------------------------------------------------------------------------------------------,Ġ------------------------------------------------------------------------------------------------,97,97,symbols,none
gptoss,142773, à²¸à²Ĥà²¦à²°à³įà²Ńà²¦à²²à³įà²²à²¿,Ġà²¸à²Ĥà²¦à²°à³įà²Ńà²¦à²²à³įà²²à²¿,34,34,numeric,none
gptoss,142954,ിച്ചിട്ടുണ്ട്,à´¿à´ļàµįà´ļà´¿à´Łàµįà´Łàµģà´£àµįà´Łàµį,39,13,indic,Malayalam
gptoss,143581,////////////////////////////////////////////////////////////////////////,////////////////////////////////////////////////////////////////////////,72,72,symbols,none
gptoss,145953,                                        Ċ,ĠĠĠĠĠĠĠĠĠĠĠĠĠĠĠĠĠĠĠĠĠĠĠĠĠĠĠĠĠĠĠĠĠĠĠĠĠĠĠĠĊ,41,41,other,none
gptoss,146780,****************************************************************************************,****************************************************************************************,88,88,symbols,none
gptoss,147849,                Ċ                Ċ,ĠĠĠĠĠĠĠĠĠĠĠĠĠĠĠĠĊĠĠĠĠĠĠĠĠĠĠĠĠĠĠĠĠĊ,34,34,other,none
gptoss,148538,สำนักงานใหญ่,à¸ªà¸³à¸Ļà¸±à¸ģà¸ĩà¸²à¸Ļà¹ĥà¸«à¸įà¹Ī,36,12,multilingual,Thai
gptoss,148603, à¸ĸà¹Īà¸²à¸¢à¸Ĺà¸Ńà¸Ķà¸ªà¸Ķà¸Łà¸¸à¸ķà¸ļà¸Ńà¸¥,Ġà¸ĸà¹Īà¸²à¸¢à¸Ĺà¸Ńà¸Ķà¸ªà¸Ķà¸Łà¸¸à¸ķà¸ļà¸Ńà¸¥,46,46,numeric,none
gptoss,149494, à¹ģà¸Ĥà¸§à¸ĩà¸Ħà¸¥à¸Ńà¸ĩà¹Ģà¸ķà¸¢,Ġà¹ģà¸Ĥà¸§à¸ĩà¸Ħà¸¥à¸Ńà¸ĩà¹Ģà¸ķà¸¢,34,34,numeric,none
gptoss,149632, //////////////////////////////////,Ġ//////////////////////////////////,35,35,symbols,none
gptoss,149708, à¹ģà¸Ĥà¸§à¸ĩà¸Ħà¸¥à¸Ńà¸ĩà¹Ģà¸ķà¸¢à¹Ģà¸«à¸Ļà¸·à¸Ń,Ġà¹ģà¸Ĥà¸§à¸ĩà¸Ħà¸¥à¸Ńà¸ĩà¹Ģà¸ķà¸¢à¹Ģà¸«à¸Ļà¸·à¸Ń,49,49,numeric,none
gptoss,149851, à¸ģà¸£à¸¸à¸ĩà¹Ģà¸Ĺà¸ŀà¸¡à¸«à¸²à¸Ļà¸Ħà¸£à¸¯,Ġà¸ģà¸£à¸¸à¸ĩà¹Ģà¸Ĺà¸ŀà¸¡à¸«à¸²à¸Ļà¸Ħà¸£à¸¯,43,43,numeric,none
gptoss,149981, áĥĴáĥĲáĥľáĥķáĥĺáĥĹáĥĲáĥłáĥĶáĥĳáĥĺáĥ¡,ĠáĥĴáĥĲáĥľáĥķáĥĺáĥĹáĥĲáĥłáĥĶáĥĳáĥĺáĥ¡,37,37,other,none
gptoss,150001, à¸Ļà¸±à¸ģà¸¥à¸ĩà¸Ĺà¸¸à¸Ļà¸ªà¸±à¸¡à¸ŀà¸±à¸Ļà¸ĺà¹Į,Ġà¸Ļà¸±à¸ģà¸¥à¸ĩà¸Ĺà¸¸à¸Ļà¸ªà¸±à¸¡à¸ŀà¸±à¸Ļà¸ĺà¹Į,49,49,numeric,none
gptoss,150130, |--------------------------------------------------------------------------Ċ,Ġ|--------------------------------------------------------------------------Ċ,77,77,symbols,none
gptoss,150140, à¸ªà¸³à¸Ļà¸±à¸ģà¹Ģà¸¥à¸Ĥà¸²à¸Ļà¸¸à¸ģà¸²à¸£,Ġà¸ªà¸³à¸Ļà¸±à¸ģà¹Ģà¸¥à¸Ĥà¸²à¸Ļà¸¸à¸ģà¸²à¸£,43,43,numeric,none
gptoss,150141, à¸ªà¸³à¸Ļà¸±à¸ģà¹Ģà¸¥à¸Ĥà¸²à¸Ļà¸¸à¸ģà¸²à¸£à¸Ńà¸ĩà¸Ħà¹Įà¸ģà¸£,Ġà¸ªà¸³à¸Ļà¸±à¸ģà¹Ģà¸¥à¸Ĥà¸²à¸Ļà¸¸à¸ģà¸²à¸£à¸Ńà¸ĩà¸Ħà¹Įà¸ģà¸£,61,61,numeric,none
gptoss,150178, à¸Ńà¸²à¸Ħà¸²à¸£à¸Īà¸µà¹Ģà¸Ńà¹ĩà¸¡à¹Ģà¸Ńà¹ĩà¸¡,Ġà¸Ńà¸²à¸Ħà¸²à¸£à¸Īà¸µà¹Ģà¸Ńà¹ĩà¸¡à¹Ģà¸Ńà¹ĩà¸¡,46,46,numeric,none
gptoss,150362, à¸ķà¸´à¸Ķà¸ķà¹Īà¸Ńà¸Ŀà¹Īà¸²à¸¢à¸Ĥà¸²à¸¢,Ġà¸ķà¸´à¸Ķà¸ķà¹Īà¸Ńà¸Ŀà¹Īà¸²à¸¢à¸Ĥà¸²à¸¢,40,40,numeric,none
gptoss,150464, à¸Ŀà¹Īà¸²à¸¢à¸Ĥà¸²à¸¢à¸Ńà¸Ńà¸Ļà¹Ħà¸¥à¸Ļà¹Į,Ġà¸Ŀà¹Īà¸²à¸¢à¸Ĥà¸²à¸¢à¸Ńà¸Ńà¸Ļà¹Ħà¸¥à¸Ļà¹Į,43,43,numeric,none
gptoss,150465, à¸Ŀà¹Īà¸²à¸¢à¸Ĥà¸²à¸¢à¸Ĥà¹Īà¸²à¸§,Ġà¸Ŀà¹Īà¸²à¸¢à¸Ĥà¸²à¸¢à¸Ĥà¹Īà¸²à¸§,34,34,numeric,none
gptoss,150466, à¸Ŀà¹Īà¸²à¸¢à¸Ĥà¸²à¸¢à¸¥à¸°à¸Ħà¸£,Ġà¸Ŀà¹Īà¸²à¸¢à¸Ĥà¸²à¸¢à¸¥à¸°à¸Ħà¸£,34,34,numeric,none
gptoss,150683, à¸Ŀà¹Īà¸²à¸¢à¸Ĥà¸²à¸¢à¸£à¸²à¸¢à¸ģà¸²à¸£,Ġà¸Ŀà¹Īà¸²à¸¢à¸Ĥà¸²à¸¢à¸£à¸²à¸¢à¸ģà¸²à¸£,40,40,numeric,none
gptoss,151194, à¸ĸà¸Ļà¸Ļà¸ªà¸¸à¸Ĥà¸¸à¸¡à¸§à¸´à¸Ĺ,Ġà¸ĸà¸Ļà¸Ļà¸ªà¸¸à¸Ĥà¸¸à¸¡à¸§à¸´à¸Ĺ,34,34,other,none
gptoss,151372, ************************************************,Ġ************************************************,49,49,symbols,none
gptoss,151578, áĥ¡áĥĲáĥĽáĥĺáĥľáĥĺáĥ¡áĥ¢áĥłáĥĿáĥ¡,Ġáĥ¡áĥĲáĥĽáĥĺáĥľáĥĺáĥ¡áĥ¢áĥłáĥĿáĥ¡,34,34,other,none
gptoss,151649, //////////////////////////////////////////////////,Ġ//////////////////////////////////////////////////,51,51,symbols,none
gptoss,151835,ിച്ചിരുന്നു,à´¿à´ļàµįà´ļà´¿à´°àµģà´¨àµįà´¨àµģ,33,11,indic,Malayalam
gptoss,152114, à¹ģà¸Īà¸ģà¹Ģà¸Ħà¸£à¸Ķà¸´à¸ķà¸Łà¸£à¸µ,Ġà¹ģà¸Īà¸ģà¹Ģà¸Ħà¸£à¸Ķà¸´à¸ķà¸Łà¸£à¸µ,37,37,numeric,none
gptoss,152187, áĥĺáĥľáĥ¤áĥĿáĥłáĥĽáĥĲáĥªáĥĺáĥĺáĥĹ,Ġáĥĺáĥľáĥ¤áĥĿáĥłáĥĽáĥĲáĥªáĥĺáĥĺáĥĹ,34,34,other,none
gptoss,152475, ................................,Ġ................................,33,33,symbols,none
gptoss,153806,++++++++++++++++++++++++++++++++,++++++++++++++++++++++++++++++++,32,32,symbols,none
gptoss,154118,========================================================================,========================================================================,72,72,symbols,none
gptoss,155599, áĥĴáĥĲáĥľáĥ¡áĥĲáĥĻáĥ£áĥĹáĥłáĥĶáĥĳáĥĺáĥĹ,ĠáĥĴáĥĲáĥľáĥ¡áĥĲáĥĻáĥ£áĥĹáĥłáĥĶáĥĳáĥĺáĥĹ,40,40,other,none
gptoss,155608, ****************************************,Ġ****************************************,41,41,symbols,none
gptoss,156537, áĥ¨áĥĶáĥ¡áĥĲáĥĳáĥĲáĥĽáĥĺáĥ¡áĥĲáĥĵ,Ġáĥ¨áĥĶáĥ¡áĥĲáĥĳáĥĲáĥĽáĥĺáĥ¡áĥĲáĥĵ,34,34,other,none
gptoss,159771, à®ļà¯Ĩà®¯à¯įà®¯à®ªà¯įà®ªà®Łà¯įà®Ł,Ġà®ļà¯Ĩà®¯à¯įà®¯à®ªà¯įà®ªà®Łà¯įà®Ł,34,34,other,none
gptoss,159810, à´µàµįà´¯à´ķàµįà´¤à´®à´¾à´ķàµįà´ķà´¿,Ġà´µàµįà´¯à´ķàµįà´¤à´®à´¾à´ķàµįà´ķà´¿,37,37,other,none
gptoss,160255,"(""--------------------------------","(""--------------------------------",34,34,symbols,none
gptoss,160888,//------------------------------------------------,//------------------------------------------------,50,50,symbols,none
gptoss,161620, //------------------------------------------------,Ġ//------------------------------------------------,51,51,symbols,none
gptoss,162457, à¤µà¤¿à¤¶à¥įà¤µà¤µà¤¿à¤¦à¥įà¤¯à¤¾à¤²à¤¯,Ġà¤µà¤¿à¤¶à¥įà¤µà¤µà¤¿à¤¦à¥įà¤¯à¤¾à¤²à¤¯,40,40,numeric,none
gptoss,162673,"******************************************************************************
",******************************************************************************Ċ,79,79,symbols,none
gptoss,163690, ********************************************************************************,Ġ********************************************************************************,81,81,symbols,none
gptoss,164601, ................................................................,Ġ................................................................,65,65,symbols,none
gptoss,166044, =================================================================================,Ġ=================================================================================,82,82,symbols,none
gptoss,168258,************************************************************************************************,************************************************************************************************,96,96,symbols,none
gptoss,168750,*----------------------------------------------------------------,*----------------------------------------------------------------,65,65,symbols,none
gptoss,169437,────────────────,âĶĢâĶĢâĶĢâĶĢâĶĢâĶĢâĶĢâĶĢâĶĢâĶĢâĶĢâĶĢâĶĢâĶĢâĶĢâĶĢ,48,16,other,none
gptoss,169782, à¤ªà¥įà¤°à¤¤à¤¿à¤ķà¥įà¤°à¤¿à¤¯à¤¾,Ġà¤ªà¥įà¤°à¤¤à¤¿à¤ķà¥įà¤°à¤¿à¤¯à¤¾,34,34,other,none
gptoss,171549, __________________________________,Ġ__________________________________,35,35,other,none
gptoss,171567, à°ļà±ĩà°¸à±įà°¤à±ģà°¨à±įà°¨à°¾à°°à±ģ,Ġà°ļà±ĩà°¸à±įà°¤à±ģà°¨à±įà°¨à°¾à°°à±ģ,37,37,other,none
gptoss,171734, à²®à³ģà²ĸà³įà²¯à²®à²Ĥà²¤à³įà²°à²¿,Ġà²®à³ģà²ĸà³įà²¯à²®à²Ĥà²¤à³įà²°à²¿,34,34,numeric,none
gptoss,172453,"----------------------------------------------------------------------------
",----------------------------------------------------------------------------Ċ,77,77,symbols,none
gptoss,173553,ುತ್ತಿದ್ದಾರೆ,à³ģà²¤à³įà²¤à²¿à²¦à³įà²¦à²¾à²°à³Ĩ,33,11,indic,Kannada
gptoss,173899,เปิดอภิปราย,à¹Ģà¸Ľà¸´à¸Ķà¸Ńà¸łà¸´à¸Ľà¸£à¸²à¸¢,33,11,multilingual,Thai
gptoss,173900,เปิดอภิปรายทั่วไป,à¹Ģà¸Ľà¸´à¸Ķà¸Ńà¸łà¸´à¸Ľà¸£à¸²à¸¢à¸Ĺà¸±à¹Īà¸§à¹Ħà¸Ľ,51,17,multilingual,Thai
gptoss,174023, à¸Ľà¸¡à¸ĸà¸§à¸²à¸¢à¸ªà¸±à¸ķà¸¢à¹Į,Ġà¸Ľà¸¡à¸ĸà¸§à¸²à¸¢à¸ªà¸±à¸ķà¸¢à¹Į,34,34,numeric,none
gptoss,174024, à¸Ľà¸¡à¸ĸà¸§à¸²à¸¢à¸ªà¸±à¸ķà¸¢à¹Įà¸¯,Ġà¸Ľà¸¡à¸ĸà¸§à¸²à¸¢à¸ªà¸±à¸ķà¸¢à¹Įà¸¯,37,37,numeric,none
gptoss,174223, //--------------------------------,Ġ//--------------------------------,35,35,symbols,none
gptoss,174398, à´µà´¿à´¦àµįà´¯à´¾à´Ńàµįà´¯à´¾à´¸,Ġà´µà´¿à´¦àµįà´¯à´¾à´Ńàµįà´¯à´¾à´¸,34,34,other,none
gptoss,174517,==============================================================================,==============================================================================,78,78,symbols,none
gptoss,174665,////////////////////////////////////////////////////////////////////,////////////////////////////////////////////////////////////////////,68,68,symbols,none
gptoss,174893,                                                                                           ,ĠĠĠĠĠĠĠĠĠĠĠĠĠĠĠĠĠĠĠĠĠĠĠĠĠĠĠĠĠĠĠĠĠĠĠĠĠĠĠĠĠĠĠĠĠĠĠĠĠĠĠĠĠĠĠĠĠĠĠĠĠĠĠĠĠĠĠĠĠĠĠĠĠĠĠĠĠĠĠĠĠĠĠĠĠĠĠĠĠĠĠ,91,91,whitespace,none
gptoss,175190, ==============================================================,Ġ==============================================================,63,63,symbols,none
gptoss,175281,สล็อตออนไลน์,à¸ªà¸¥à¹ĩà¸Ńà¸ķà¸Ńà¸Ńà¸Ļà¹Ħà¸¥à¸Ļà¹Į,36,12,multilingual,Thai
gptoss,176860, //////////////////////////////////////////////////////////////////////////,Ġ//////////////////////////////////////////////////////////////////////////,75,75,symbols,none
gptoss,178990, à¦¬à§ĥà¦¹à¦¸à§įà¦ªà¦¤à¦¿à¦¬à¦¾à¦°,Ġà¦¬à§ĥà¦¹à¦¸à§įà¦ªà¦¤à¦¿à¦¬à¦¾à¦°,34,34,numeric,none
gptoss,179041, ----------------------------------------------------------------------------------------------------------------,Ġ----------------------------------------------------------------------------------------------------------------,113,113,symbols,none
gptoss,179078, Ð³Ð¾ÑģÑĥÐ´Ð°ÑĢÑģÑĤÐ²ÐµÐ½Ð½Ð¾Ð³Ð¾,ĠÐ³Ð¾ÑģÑĥÐ´Ð°ÑĢÑģÑĤÐ²ÐµÐ½Ð½Ð¾Ð³Ð¾,33,33,numeric,none
gptoss,180376, ################################################,Ġ################################################,49,49,symbols,none
gptoss,180864,===========================================================================,===========================================================================,75,75,symbols,none
gptoss,181305, à¦Ĺà§ģà¦°à§ģà¦¤à§įà¦¬à¦ªà§Ĥà¦°à§įà¦£,Ġà¦Ĺà§ģà¦°à§ģà¦¤à§įà¦¬à¦ªà§Ĥà¦°à§įà¦£,37,37,other,none
gptoss,181703, à¤ķà¤¾à¤°à¥įà¤¯à¤ķà¥įà¤°à¤®à¤®à¤¾,Ġà¤ķà¤¾à¤°à¥įà¤¯à¤ķà¥įà¤°à¤®à¤®à¤¾,34,34,other,none
gptoss,181939, áĥĹáĥĲáĥľáĥĲáĥĽáĥĶáĥĵáĥłáĥĿáĥķáĥĶ,ĠáĥĹáĥĲáĥľáĥĲáĥĽáĥĶáĥĵáĥłáĥĿáĥķáĥĶ,34,34,other,none
gptoss,182513,----------------------------------------------------------------------------------------------------------------,----------------------------------------------------------------------------------------------------------------,112,112,symbols,none
gptoss,183481,//--------------------------------,//--------------------------------,34,34,symbols,none
gptoss,184432, à¦Ĩà¦¨à§įà¦¤à¦°à§įà¦ľà¦¾à¦¤à¦¿à¦ķ,Ġà¦Ĩà¦¨à§įà¦¤à¦°à§įà¦ľà¦¾à¦¤à¦¿à¦ķ,34,34,other,none
gptoss,185617,######################################################################,########################################################################,72,70,symbols,none
gptoss,186053, áĥĽáĥľáĥĺáĥ¨áĥķáĥľáĥĶáĥļáĥĿáĥķáĥĲáĥľáĥĺáĥĲ,ĠáĥĽáĥľáĥĺáĥ¨áĥķáĥľáĥĶáĥļáĥĿáĥķáĥĲáĥľáĥĺáĥĲ,43,43,other,none
gptoss,186499, áĥĴáĥĲáĥľáĥªáĥ®áĥĲáĥĵáĥĶáĥĳáĥĺáĥĹ,ĠáĥĴáĥĲáĥľáĥªáĥ®áĥĲáĥĵáĥĶáĥĳáĥĺáĥĹ,34,34,other,none
gptoss,186575, à²¹à²¿à²¨à³įà²¨à³Ĩà²²à³Ĩà²¯à²²à³įà²²à²¿,Ġà²¹à²¿à²¨à³įà²¨à³Ĩà²²à³Ĩà²¯à²²à³įà²²à²¿,40,40,numeric,none
gptoss,186895, àªµàª¿àª¦à«įàª¯àª¾àª°à«įàª¥à«Ģàªĵ,Ġàªµàª¿àª¦à«įàª¯àª¾àª°à«įàª¥à«Ģàªĵ,34,34,other,none
gptoss,187205,                                                                              ,ĠĠĠĠĠĠĠĠĠĠĠĠĠĠĠĠĠĠĠĠĠĠĠĠĠĠĠĠĠĠĠĠĠĠĠĠĠĠĠĠĠĠĠĠĠĠĠĠĠĠĠĠĠĠĠĠĠĠĠĠĠĠĠĠĠĠĠĠĠĠĠĠĠĠĠĠĠĠ,78,78,whitespace,none
gptoss,191795, à´¤à´¿à´°àµģà´µà´¨à´¨àµįà´¤à´ªàµģà´°à´Ĥ,Ġà´¤à´¿à´°àµģà´µà´¨à´¨àµįà´¤à´ªàµģà´°à´Ĥ,40,40,other,none
gptoss,192099, áĥ£áĥĸáĥłáĥ£áĥľáĥķáĥĶáĥļáĥ§áĥĿáĥ¤,Ġáĥ£áĥĸáĥłáĥ£áĥľáĥķáĥĶáĥļáĥ§áĥĿáĥ¤,34,34,other,none
gptoss,193807, à®¤à¯Ĩà®°à®¿à®µà®¿à®¤à¯įà®¤à¯ģà®³à¯įà®³à®¾à®°à¯į,Ġà®¤à¯Ĩà®°à®¿à®µà®¿à®¤à¯įà®¤à¯ģà®³à¯įà®³à®¾à®°à¯į,49,49,numeric,none
gptoss,193856,================================================================================================,================================================================================================,96,96,symbols,none
gptoss,193896, à¸ªà¸¹à¸ķà¸£à¸ļà¸²à¸Ħà¸²à¸£à¹Īà¸²,Ġà¸ªà¸¹à¸ķà¸£à¸ļà¸²à¸Ħà¸²à¸£à¹Īà¸²,34,34,numeric,none
gptoss,193997,                                            Ċ,ĠĠĠĠĠĠĠĠĠĠĠĠĠĠĠĠĠĠĠĠĠĠĠĠĠĠĠĠĠĠĠĠĠĠĠĠĠĠĠĠĠĠĠĠĊ,45,45,other,none
gptoss,194221, áĥ¬áĥĲáĥłáĥĽáĥĿáĥĲáĥĵáĥĴáĥĶáĥľáĥ¡,Ġáĥ¬áĥĲáĥłáĥĽáĥĿáĥĲáĥĵáĥĴáĥĶáĥľáĥ¡,34,34,other,none
gptoss,195732,                                                                                               ,ĠĠĠĠĠĠĠĠĠĠĠĠĠĠĠĠĠĠĠĠĠĠĠĠĠĠĠĠĠĠĠĠĠĠĠĠĠĠĠĠĠĠĠĠĠĠĠĠĠĠĠĠĠĠĠĠĠĠĠĠĠĠĠĠĠĠĠĠĠĠĠĠĠĠĠĠĠĠĠĠĠĠĠĠĠĠĠĠĠĠĠĠĠĠĠ,95,95,whitespace,none
gptoss,195967, +----------------------------------------------------------------------,Ġ+----------------------------------------------------------------------,72,72,symbols,none
gptoss,196158, áĥ¡áĥĲáĥĸáĥĿáĥĴáĥĲáĥĵáĥĿáĥĶáĥĳáĥĺáĥ¡,Ġáĥ¡áĥĲáĥĸáĥĿáĥĴáĥĲáĥĵáĥĿáĥĶáĥĳáĥĺáĥ¡,37,37,other,none
gptoss,196579, áĥĻáĥĿáĥłáĥĿáĥľáĥĲáĥķáĥĺáĥłáĥ£áĥ¡,ĠáĥĻáĥĿáĥłáĥĿáĥľáĥĲáĥķáĥĺáĥłáĥ£áĥ¡,34,34,other,none
gptoss,196792,"*****************************************************************************
",*****************************************************************************Ċ,78,78,symbols,none
gptoss,197313, áĥ¨áĥĶáĥ¡áĥĲáĥ«áĥļáĥĶáĥĳáĥĶáĥļáĥĺáĥĲ,Ġáĥ¨áĥĶáĥ¡áĥĲáĥ«áĥļáĥĶáĥĳáĥĶáĥļáĥĺáĥĲ,37,37,other,none
gptoss,198440,പ്പെടുത്തിയ,à´ªàµįà´ªàµĨà´Łàµģà´¤àµįà´¤à´¿à´¯,33,11,indic,Malayalam
gptoss,198676,"-------------------------------------------------------------------------
",-------------------------------------------------------------------------Ċ,74,74,symbols,none
gptoss,199737, Ð·Ð°ÐºÐ¾Ð½Ð¾Ð´Ð°ÑĤÐµÐ»ÑĮÑģÑĤÐ²Ð°,ĠÐ·Ð°ÐºÐ¾Ð½Ð¾Ð´Ð°ÑĤÐµÐ»ÑĮÑģÑĤÐ²Ð°,33,33,numeric,none
